Id,CanonicalId,Code,Name,DisplayName,AccentlessName,ShortName,Slug,SearchKeywords,Category,FoodGroup,FoodGroupLocked,Alias,GI,GL,PurineLevel,FODMAPLevel,ClinicalNotes
thit-de-ba-chi,thit-de-ba-chi,20080,Ba Chá»‰ Dãª,Ba Chá»‰ Dãª,Ba Cha»‰ Daª,Ba Chá»‰ Dãª,ba-cha-da,Ba Chá»‰ Dãª,meat,protein,true,,,,,,
ba-roi-bo,ba-roi-bo,20033,Ba Rá»i bÃ²,Ba Rá»i bÃ²,Ba Ra»i bA²,Ba Rá»i bÃ²,ba-ra-i-ba,Ba Rá»i bÃ²,meat,protein,true,,,,,,
bia-khong-con,bia-khong-con,90020,Bia Khã´ng Cá»“n (0.5% ABV),Bia Khã´ng Cá»“n (0.5% ABV),Bia Kha´ng Ca»“n (0.5% ABV),Bia Khã´ng Cá»“n (0.5%,bia-kha-ng-ca-n-0-5-abv,Bia Khã´ng Cá»“n (0.5% ABV),beverages,beverage,true,,,,,,
bia-lager-45,bia-lager-45,90018,Bia Lager (4.5% ABV),Bia Lager (4.5% ABV),Bia Lager (4.5% ABV),Bia Lager (4.5% ABV),bia-lager-4-5-abv,Bia Lager (4.5% ABV),beverages,beverage,true,,,,,,
bia-lager-5,bia-lager-5,90017,Bia Lager (5% ABV),Bia Lager (5% ABV),Bia Lager (5% ABV),Bia Lager (5% ABV),bia-lager-5-abv,Bia Lager (5% ABV),beverages,beverage,true,,,,,,
bia-strong-7,bia-strong-7,90019,Bia Máº¡nh (7% ABV),Bia Máº¡nh (7% ABV),Bia Maº¡nh (7% ABV),Bia Máº¡nh (7% ABV),bia-ma-nh-7-abv,Bia Máº¡nh (7% ABV),beverages,beverage,true,,,,,,
bach-tuoc,bach-tuoc,30035,Báº¡ch Tuá»™c,Báº¡ch Tuá»™c,Baº¡ch Tua»™c,Báº¡ch Tuá»™c,ba-ch-tua-c,Báº¡ch Tuá»™c,seafood,protein,true,,,,,,
bach-tuoc-kho,bach-tuoc-kho,30047,Báº¡ch Tuá»™c Khã´,Báº¡ch Tuá»™c Khã´,Baº¡ch Tua»™c Kha´,Báº¡ch Tuá»™c Khã´,ba-ch-tua-c-kha,Báº¡ch Tuá»™c Khã´,seafood,protein,true,,,,,,
bau,bau,40045,Báº§u,Báº§u,Baº§u,Báº§u,ba-u,Báº§u,vegetables,vegetable,true,,,,,,
bau-sao,bau-sao,,Báº§u Sao,Báº§u Sao,Baº§u Sao,Báº§u Sao,ba-u-sao,Báº§u Sao,vegetables,vegetable,true,,,,,,
bap-ngo,bap-ngo,,Báº¯p (Ngã´),Báº¯p (Ngã´),Baº¯p (Nga´),Báº¯p (Ngã´),ba-p-nga,Báº¯p (Ngã´),vegetables,vegetable,true,,,,,,
thit-be-bap,thit-be-bap,20085,Báº¯p Bãª,Báº¯p Bãª,Baº¯p Baª,Báº¯p Bãª,ba-p-ba,Báº¯p Bãª,meat,protein,true,,,,,,
bap-bo,bap-bo,,Báº¯p bÃ²,Báº¯p bÃ²,Baº¯p bA²,Báº¯p bÃ²,ba-p-ba,Báº¯p bÃ²,meat,protein,true,,,,,,
bap-cai,bap-cai,40005,Báº¯p Cáº£i,Báº¯p Cáº£i,Baº¯p Caº£i,Báº¯p Cáº£i,ba-p-ca-i,Báº¯p Cáº£i,vegetables,vegetable,true,,,,,,
bap-cai-trang,bap-cai-trang,,Báº¯p Cáº£i Tráº¯ng,Báº¯p Cáº£i Tráº¯ng,Baº¯p Caº£i Traº¯ng,Báº¯p Cáº£i Tráº¯ng,ba-p-ca-i-tra-ng,Báº¯p Cáº£i Tráº¯ng,vegetables,vegetable,true,,,,,,
bap-cai-tim,bap-cai-tim,40033,Báº¯p Cáº£i Tã­m,Báº¯p Cáº£i Tã­m,Baº¯p Caº£i Ta­m,Báº¯p Cáº£i Tã­m,ba-p-ca-i-ta-m,Báº¯p Cáº£i Tã­m,vegetables,vegetable,true,,,,,,
thit-trau-bap,thit-trau-bap,20069,Báº¯p Trã¢u,Báº¯p Trã¢u,Baº¯p Tra¢u,Báº¯p Trã¢u,ba-p-tra-u,Báº¯p Trã¢u,meat,protein,true,,,,,,
bap-xao,bap-xao,,Báº¯p Xã O,Báº¯p Xã O,Baº¯p Xa O,Báº¯p Xã O,ba-p-xa-o,Báº¯p Xã O,snacks,snack,true,,,,,,
bung-ca-ngu,bung-ca-ngu,30054,Bá»¥ng Cã¡ Ngá»«,Bá»¥ng Cã¡ Ngá»«,Ba»¥ng Ca¡ Nga»«,Bá»¥ng Cã¡ Ngá»«,ba-ng-ca-nga,Bá»¥ng Cã¡ Ngá»«,seafood,protein,true,,,,,,
bot-ngot-msg,bot-ngot-msg,70005,Bá»™t Ngá»t (MSG),Bá»™t Ngá»t (MSG),Ba»™t Nga»t (MSG),Bá»™t Ngá»t (MSG),ba-t-nga-t-msg,Bá»™t Ngá»t (MSG),condiments,mixed,true,,,,,,
bot-nem,bot-nem,70010,Bá»™t Nãªm (Trung Bã¬nh),Bá»™t Nãªm (Trung Bã¬nh),Ba»™t Naªm (Trung Ba¬nh),Bá»™t Nãªm (Trung Bã¬nh),ba-t-na-m-trung-ba-nh,Bá»™t Nãªm (Trung Bã¬nh),condiments,mixed,true,,,,,,
banh-bao-chay,banh-bao-chay,10022,Bã¡nh Bao Chay,Bã¡nh Bao Chay,Ba¡nh Bao Chay,Bã¡nh Bao Chay,ba-nh-bao-chay,Bã¡nh Bao Chay,snacks,snack,true,,,,,,
banh-bao,banh-bao,10029,Bã¡nh Bao Nhã¢n Thá»‹t,Bã¡nh Bao Nhã¢n Thá»‹t,Ba¡nh Bao Nha¢n Tha»‹t,Bã¡nh Bao Nhã¢n Thá»‹t,ba-nh-bao-nha-n-tha-t,Bã¡nh Bao Nhã¢n Thá»‹t,snacks,snack,true,banh-bao-thit:Bã¡nh Bao Nhã¢n Thá»‹t,,,,,
banh-bot-loc,banh-bot-loc,10044,Bã¡nh Bá»™t Lá»c,Bã¡nh Bá»™t Lá»c,Ba¡nh Ba»™t La»c,Bã¡nh Bá»™t Lá»c,ba-nh-ba-t-la-c,Bã¡nh Bá»™t Lá»c,snacks,snack,true,,,,,,
banh-beo-viet29,banh-beo-viet29,,Bã¡nh Bã¨o,Bã¡nh Bã¨o,Ba¡nh Ba¨o,Bã¡nh Bã¨o,ba-nh-ba-o,Bã¡nh Bã¨o,snacks,snack,true,,,,,,
banh-beo-chen,banh-beo-chen,10021,Bã¡nh Bã¨o Chã©n,Bã¡nh Bã¨o Chã©n,Ba¡nh Ba¨o Cha©n,Bã¡nh Bã¨o Chã©n,ba-nh-ba-o-cha-n,Bã¡nh Bã¨o Chã©n,snacks,snack,true,,,,,,
banh-cam,banh-cam,,Bã¡nh Cam (Bã¡nh Rã¡n),Bã¡nh Cam (Bã¡nh Rã¡n),Ba¡nh Cam (Ba¡nh Ra¡n),Bã¡nh Cam (Bã¡nh Rã¡n),ba-nh-cam-ba-nh-ra-n,Bã¡nh Cam (Bã¡nh Rã¡n),snacks,snack,true,,,,,,
banh-canh,banh-canh,,Bã¡nh Canh,Bã¡nh Canh,Ba¡nh Canh,Bã¡nh Canh,ba-nh-canh,Bã¡nh Canh,rice-noodles,carb,true,,,,,,
banh-chung,banh-chung,10036,Bã¡nh chÆ°ng,Bã¡nh chÆ°ng,Ba¡nh chÆ°ng,Bã¡nh chÆ°ng,ba-nh-ch-ng,Bã¡nh chÆ°ng,rice-noodles,carb,true,,,,,,
banh-cuon,banh-cuon,10010,Bã¡nh Cuá»‘n,Bã¡nh Cuá»‘n,Ba¡nh Cua»‘n,Bã¡nh Cuá»‘n,ba-nh-cua-n,Bã¡nh Cuá»‘n,rice-noodles,carb,true,banh-cuon-viet09:Bã¡nh Cuá»‘n,,,,,
banh-cuon-thit-updated,banh-cuon-thit-updated,11006,Bã¡nh Cuá»‘n Thá»‹t,Bã¡nh Cuá»‘n Thá»‹t,Ba¡nh Cua»‘n Tha»‹t,Bã¡nh Cuá»‘n Thá»‹t,ba-nh-cua-n-tha-t,Bã¡nh Cuá»‘n Thá»‹t,soups,mixed,true,,,,,,
banh-gio,banh-gio,10030,Bã¡nh giÃ²,Bã¡nh giÃ²,Ba¡nh giA²,Bã¡nh giÃ²,ba-nh-gia,Bã¡nh giÃ²,snacks,snack,true,,,,,,
banh-khot,banh-khot,10046,Bã¡nh Khá»t,Bã¡nh Khá»t,Ba¡nh Kha»t,Bã¡nh Khá»t,ba-nh-kha-t,Bã¡nh Khá»t,snacks,snack,true,,,,,,
banh-mi,banh-mi,10005,Bã¡nh Mã¬,Bã¡nh Mã¬,Ba¡nh Ma¬,Bã¡nh Mã¬,ba-nh-ma,Bã¡nh Mã¬,rice-noodles,carb,true,,,,,,
banh-mi-cha-lua,banh-mi-cha-lua,10027,Bã¡nh Mã¬ Cháº£ Lá»¥a,Bã¡nh Mã¬ Cháº£ Lá»¥a,Ba¡nh Ma¬ Chaº£ La»¥a,Bã¡nh Mã¬ Cháº£ Lá»¥a,ba-nh-ma-cha-la-a,Bã¡nh Mã¬ Cháº£ Lá»¥a,snacks,snack,true,,,,,,
banh-mi-kep,banh-mi-kep,,Bã¡nh Mã¬ káº¹p Thá»‹t,Bã¡nh Mã¬ káº¹p Thá»‹t,Ba¡nh Ma¬ kaº¹p Tha»‹t,Bã¡nh Mã¬ káº¹p Thá»‹t,ba-nh-ma-ka-p-tha-t,Bã¡nh Mã¬ káº¹p Thá»‹t,snacks,snack,true,,,,,,
banh-mi-nguyen-cam,banh-mi-nguyen-cam,,Bã¡nh Mã¬ Nguyãªn Cã¡m,Bã¡nh Mã¬ Nguyãªn Cã¡m,Ba¡nh Ma¬ Nguyaªn Ca¡m,Bã¡nh Mã¬ Nguyãªn Cã¡m,ba-nh-ma-nguya-n-ca-m,Bã¡nh Mã¬ Nguyãªn Cã¡m,rice-noodles,carb,true,,,,,,
banh-mi-que,banh-mi-que,12007,Bã¡nh Mã¬ Que,Bã¡nh Mã¬ Que,Ba¡nh Ma¬ Que,Bã¡nh Mã¬ Que,ba-nh-ma-que,Bã¡nh Mã¬ Que,snacks,snack,true,,,,,,
banh-mi-thit,banh-mi-thit,10019,Bã¡nh Mã¬ Thá»‹t,Bã¡nh Mã¬ Thá»‹t,Ba¡nh Ma¬ Tha»‹t,Bã¡nh Mã¬ Thá»‹t,ba-nh-ma-tha-t,Bã¡nh Mã¬ Thá»‹t,snacks,snack,true,,,,,,
banh-mi-trang,banh-mi-trang,,Bã¡nh Mã¬ Tráº¯ng,Bã¡nh Mã¬ Tráº¯ng,Ba¡nh Ma¬ Traº¯ng,Bã¡nh Mã¬ Tráº¯ng,ba-nh-ma-tra-ng,Bã¡nh Mã¬ Tráº¯ng,rice-noodles,carb,true,,,,,,
banh-mi-trung,banh-mi-trung,10018,Bã¡nh Mã¬ Trá»©ng,Bã¡nh Mã¬ Trá»©ng,Ba¡nh Ma¬ Tra»©ng,Bã¡nh Mã¬ Trá»©ng,ba-nh-ma-tra-ng,Bã¡nh Mã¬ Trá»©ng,snacks,snack,true,,,,,,
banh-mi-xiu-mai,banh-mi-xiu-mai,10028,Bã¡nh Mã¬ Xã­u Máº¡i,Bã¡nh Mã¬ Xã­u Máº¡i,Ba¡nh Ma¬ Xa­u Maº¡i,Bã¡nh Mã¬ Xã­u Máº¡i,ba-nh-ma-xa-u-ma-i,Bã¡nh Mã¬ Xã­u Máº¡i,snacks,snack,true,,,,,,
banh-mi-op-la,banh-mi-op-la,10026,Bã¡nh Mã¬ Á»‘p La,Bã¡nh Mã¬ Á»‘p La,Ba¡nh Ma¬ A»‘p La,Bã¡nh Mã¬ Á»‘p La,ba-nh-ma-a-p-la,Bã¡nh Mã¬ Á»‘p La,snacks,snack,true,,,,,,
banh-mi-den,banh-mi-den,,Bã¡nh Mã¬ Ä‘en (Rye),Bã¡nh Mã¬ Ä‘en (Rye),Ba¡nh Ma¬ A‘en (Rye),Bã¡nh Mã¬ Ä‘en (Rye),ba-nh-ma-a-en-rye,Bã¡nh Mã¬ Ä‘en (Rye),rice-noodles,carb,true,,,,,,
banh-nam,banh-nam,10045,Bã¡nh Náº­m,Bã¡nh Náº­m,Ba¡nh Naº­m,Bã¡nh Náº­m,ba-nh-na-m,Bã¡nh Náº­m,snacks,snack,true,,,,,,
banh-phong-tom,banh-phong-tom,10017,Bã¡nh Phá»“ng Tã´m,Bã¡nh Phá»“ng Tã´m,Ba¡nh Pha»“ng Ta´m,Bã¡nh Phá»“ng Tã´m,ba-nh-pha-ng-ta-m,Bã¡nh Phá»“ng Tã´m,snacks,snack,true,,,,,,
banh-quy,banh-quy,10012,Bã¡nh Quy,Bã¡nh Quy,Ba¡nh Quy,Bã¡nh Quy,ba-nh-quy,Bã¡nh Quy,snacks,snack,true,,,,,,
banh-tieu,banh-tieu,,Bã¡nh Tiãªu,Bã¡nh Tiãªu,Ba¡nh Tiaªu,Bã¡nh Tiãªu,ba-nh-tia-u,Bã¡nh Tiãªu,snacks,snack,true,,,,,,
banh-trang,banh-trang,10016,Bã¡nh Trã¡ng,Bã¡nh Trã¡ng,Ba¡nh Tra¡ng,Bã¡nh Trã¡ng,ba-nh-tra-ng,Bã¡nh Trã¡ng,snacks,snack,true,,,,,,
banh-trang-nuong,banh-trang-nuong,,Bã¡nh Trã¡ng nÆ°á»›ng,Bã¡nh Trã¡ng nÆ°á»›ng,Ba¡nh Tra¡ng nÆ°a»›ng,Bã¡nh Trã¡ng nÆ°á»›ng,ba-nh-tra-ng-n-a-ng,Bã¡nh Trã¡ng nÆ°á»›ng,snacks,snack,true,,,,,,
banh-trang-tron,banh-trang-tron,10034,Bã¡nh Trã¡ng Trá»™n,Bã¡nh Trã¡ng Trá»™n,Ba¡nh Tra¡ng Tra»™n,Bã¡nh Trã¡ng Trá»™n,ba-nh-tra-ng-tra-n,Bã¡nh Trã¡ng Trá»™n,snacks,snack,true,,,,,,
banh-tet,banh-tet,10037,Bã¡nh Tã©t,Bã¡nh Tã©t,Ba¡nh Ta©t,Bã¡nh Tã©t,ba-nh-ta-t,Bã¡nh Tã©t,rice-noodles,carb,true,,,,,,
banh-xeo,banh-xeo,11022,Bã¡nh Xã¨o,Bã¡nh Xã¨o,Ba¡nh Xa¨o,Bã¡nh Xã¨o,ba-nh-xa-o,Bã¡nh Xã¨o,soups,mixed,true,banh-xeo-viet10:Bã¡nh Xã¨o,,,,,
be-thui,be-thui,,Bãª Thui,Bãª Thui,Baª Thui,Bãª Thui,ba-thui,Bãª Thui,meat,protein,true,,,,,,
bi-ho-lo,bi-ho-lo,,BÃ­ Há»“ Lã´,BÃ­ Há»“ Lã´,BA­ Ha»“ La´,BÃ­ Há»“ Lã´,ba-ha-la,BÃ­ Há»“ Lã´,vegetables,vegetable,true,,,,,,
bi-ngoi,bi-ngoi,,BÃ­ ngÃ²i,BÃ­ ngÃ²i,BA­ ngA²i,BÃ­ ngÃ²i,ba-nga-i,BÃ­ ngÃ²i,vegetables,vegetable,true,,,,,,
bi-xanh,bi-xanh,40043,BÃ­ Xanh (Bã­ Ä‘ao),BÃ­ Xanh (Bã­ Ä‘ao),BA­ Xanh (Ba­ A‘ao),BÃ­ Xanh (Bã­ Ä‘ao),ba-xanh-ba-a-ao,BÃ­ Xanh (Bã­ Ä‘ao),vegetables,vegetable,true,,,,,,
bi-do,bi-do,40007,BÃ­ Ä‘á»,BÃ­ Ä‘á»,BA­ A‘a»,BÃ­ Ä‘á»,ba-a-a,BÃ­ Ä‘á»,vegetables,vegetable,true,bi-do-updated:BÃ­ Ä‘á»|bi-do-veg48:BÃ­ Ä‘á»,,,,,
bo-vien,bo-vien,20120,BÃ² Viãªn,BÃ² Viãªn,BA² Viaªn,BÃ² Viãªn,ba-via-n,BÃ² Viãªn,meat,protein,true,,,,,,
bun,bun,10003,Bãºn,Bãºn,Baºn,Bãºn,ba-n,Bãºn,rice-noodles,carb,true,,,,,,
bun-bo-hue,bun-bo-hue,11018,Bãºn bÃ² Huáº¿,Bãºn bÃ² Huáº¿,Baºn bA² Huaº¿,Bãºn bÃ² Huáº¿,ba-n-ba-hua,Bãºn bÃ² Huáº¿,soups,mixed,true,bun-bo-hue-viet03:Bãºn bÃ² Huáº¿,,,,,
bun-cha,bun-cha,10003,Bãºn Cháº£,Bãºn Cháº£,Baºn Chaº£,Bãºn Cháº£,ba-n-cha,Bãºn Cháº£,rice-noodles,carb,true,bun-cha-viet04:Bãºn Cháº£,,,,,
bun-ca,bun-ca,10038,Bãºn Cã¡,Bãºn Cã¡,Baºn Ca¡,Bãºn Cã¡,ba-n-ca,Bãºn Cã¡,rice-noodles,carb,true,,,,,,
bun-gao-lut,bun-gao-lut,,Bãºn Gáº¡o Lá»©t,Bãºn Gáº¡o Lá»©t,Baºn Gaº¡o La»©t,Bãºn Gáº¡o Lá»©t,ba-n-ga-o-la-t,Bãºn Gáº¡o Lá»©t,rice-noodles,carb,true,,,,,,
bun-ga,bun-ga,10004,Bãºn Gã,Bãºn Gã,Baºn Ga,Bãºn Gã,ba-n-ga,Bãºn Gã,rice-noodles,carb,true,,,,,,
bun-mam,bun-mam,11041,Bãºn Máº¯m,Bãºn Máº¯m,Baºn Maº¯m,Bãºn Máº¯m,ba-n-ma-m,Bãºn Máº¯m,soups,mixed,true,,,,,,
bun-mam-nem,bun-mam-nem,11041,Bãºn Máº¯m Nãªm,Bãºn Máº¯m Nãªm,Baºn Maº¯m Naªm,Bãºn Máº¯m Nãªm,ba-n-ma-m-na-m,Bãºn Máº¯m Nãªm,soups,mixed,true,,,,,,
bun-moc,bun-moc,10039,Bãºn Má»c,Bãºn Má»c,Baºn Ma»c,Bãºn Má»c,ba-n-ma-c,Bãºn Má»c,rice-noodles,carb,true,,,,,,
bun-mang-vit,bun-mang-vit,,Bãºn Mäƒng Vá»‹t,Bãºn Mäƒng Vá»‹t,Baºn Maƒng Va»‹t,Bãºn Mäƒng Vá»‹t,ba-n-ma-ng-va-t,Bãºn Mäƒng Vá»‹t,soups,mixed,true,,,,,,
bun-rieu,bun-rieu,11003,Bãºn Riãªu,Bãºn Riãªu,Baºn Riaªu,Bãºn Riãªu,ba-n-ria-u,Bãºn Riãªu,soups,mixed,true,,,,,,
bun-rieu-chay,bun-rieu-chay,11048,Bãºn Riãªu Chay,Bãºn Riãªu Chay,Baºn Riaªu Chay,Bãºn Riãªu Chay,ba-n-ria-u-chay,Bãºn Riãªu Chay,soups,mixed,true,,,,,,
bun-rieu-cua,bun-rieu-cua,11010,Bãºn Riãªu Cua,Bãºn Riãªu Cua,Baºn Riaªu Cua,Bãºn Riãªu Cua,ba-n-ria-u-cua,Bãºn Riãªu Cua,soups,mixed,true,bun-rieu-cua-updated:Bãºn Riãªu Cua,,,,,
bun-thang,bun-thang,11037,Bãºn Thang,Bãºn Thang,Baºn Thang,Bãºn Thang,ba-n-thang,Bãºn Thang,soups,mixed,true,,,,,,
bun-thit-nuong,bun-thit-nuong,10032,Bãºn Thá»‹t nÆ°á»›ng,Bãºn Thá»‹t nÆ°á»›ng,Baºn Tha»‹t nÆ°a»›ng,Bãºn Thá»‹t nÆ°á»›ng,ba-n-tha-t-n-a-ng,Bãºn Thá»‹t nÆ°á»›ng,rice-noodles,carb,true,,,,,,
bun-tau,bun-tau,,Bãºn Tã U,Bãºn Tã U,Baºn Ta U,Bãºn Tã U,ba-n-ta-u,Bãºn Tã U,rice-noodles,carb,true,,,,,,
bun-tuoi,bun-tuoi,,Bãºn tÆ°Æ¡i,Bãºn tÆ°Æ¡i,Baºn tÆ°Æ¡i,Bãºn tÆ°Æ¡i,ba-n-t-i,Bãºn tÆ°Æ¡i,rice-noodles,carb,true,,,,,,
bun-oc,bun-oc,10042,Bãºn Á»‘c,Bãºn Á»‘c,Baºn A»‘c,Bãºn Á»‘c,ba-n-a-c,Bãºn Á»‘c,rice-noodles,carb,true,,,,,,
bun-dau-mam-tom,bun-dau-mam-tom,10033,Bãºn Ä‘áº­u Máº¯m Tã´m,Bãºn Ä‘áº­u Máº¯m Tã´m,Baºn A‘aº­u Maº¯m Ta´m,Bãºn Ä‘áº­u Máº¯m Tã´m,ba-n-a-a-u-ma-m-ta-m,Bãºn Ä‘áº­u Máº¯m Tã´m,rice-noodles,carb,true,,,,,,
bo,bo,20003,BÆ¡,BÆ¡,BÆ¡,BÆ¡,b,BÆ¡,fruits,fruit,true,,,,,,
buoi,buoi,50010,BÆ°á»Ÿi,BÆ°á»Ÿi,BÆ°a»Yi,BÆ°á»Ÿi,b-a-yi,BÆ°á»Ÿi,fruits,fruit,true,,,,,,
buoi-da-xanh,buoi-da-xanh,,BÆ°á»Ÿi Da Xanh,BÆ°á»Ÿi Da Xanh,BÆ°a»Yi Da Xanh,BÆ°á»Ÿi Da Xanh,b-a-yi-da-xanh,BÆ°á»Ÿi Da Xanh,fruits,fruit,true,,,,,,
cam,cam,50002,Cam,Cam,Cam,Cam,cam,Cam,fruits,fruit,true,,,,,,
cam-sanh,cam-sanh,50018,Cam Sã Nh,Cam Sã Nh,Cam Sa Nh,Cam Sã Nh,cam-sa-nh,Cam Sã Nh,fruits,fruit,true,cam-sanh-fr29:Cam Sã Nh,,,,,
canh-bi-nau-tom,canh-bi-nau-tom,11012,Canh Bã­ Náº¥u Tã´m,Canh Bã­ Náº¥u Tã´m,Canh Ba­ Naº¥u Ta´m,Canh Bã­ Náº¥u Tã´m,canh-ba-na-u-ta-m,Canh Bã­ Náº¥u Tã´m,soups,mixed,true,,,,,,
canh-chua,canh-chua,11001,Canh Chua,Canh Chua,Canh Chua,Canh Chua,canh-chua,Canh Chua,soups,mixed,true,,,,,,
canh-chua-ca,canh-chua-ca,11007,Canh Chua Cã¡,Canh Chua Cã¡,Canh Chua Ca¡,Canh Chua Cã¡,canh-chua-ca,Canh Chua Cã¡,soups,mixed,true,canh-chua-ca-updated:Canh Chua Cã¡,,,,,
canh-chua-ca-mien-tay,canh-chua-ca-mien-tay,11045,Canh Chua Cã¡ Miá»n Tã¢y,Canh Chua Cã¡ Miá»n Tã¢y,Canh Chua Ca¡ Mia»n Ta¢y,Canh Chua Cã¡ Miá»n,canh-chua-ca-mia-n-ta-y,Canh Chua Cã¡ Miá»n Tã¢y,soups,mixed,true,,,,,,
canh-cua-rau-day,canh-cua-rau-day,11039,Canh Cua Rau Ä‘ay,Canh Cua Rau Ä‘ay,Canh Cua Rau A‘ay,Canh Cua Rau Ä‘ay,canh-cua-rau-a-ay,Canh Cua Rau Ä‘ay,soups,mixed,true,,,,,,
canh-cai-xanh-thit,canh-cai-xanh-thit,11033,Canh Cáº£i Xanh Náº¥u Thá»‹t,Canh Cáº£i Xanh Náº¥u Thá»‹t,Canh Caº£i Xanh Naº¥u Tha»‹t,Canh Cáº£i Xanh Náº¥u,canh-ca-i-xanh-na-u-tha-t,Canh Cáº£i Xanh Náº¥u Thá»‹t,soups,mixed,true,,,,,,
canh-kho-qua,canh-kho-qua,11004,Canh Khá»• Qua,Canh Khá»• Qua,Canh Kha»• Qua,Canh Khá»• Qua,canh-kha-qua,Canh Khá»• Qua,soups,mixed,true,,,,,,
canh-kho-qua-chay,canh-kho-qua-chay,11052,Canh Khá»• Qua Chay,Canh Khá»• Qua Chay,Canh Kha»• Qua Chay,Canh Khá»• Qua Chay,canh-kha-qua-chay,Canh Khá»• Qua Chay,soups,mixed,true,,,,,,
canh-muop-nau-hen,canh-muop-nau-hen,11034,Canh mÆ°á»›p Náº¥u Háº¿n,Canh mÆ°á»›p Náº¥u Háº¿n,Canh mÆ°a»›p Naº¥u Haº¿n,Canh mÆ°á»›p Náº¥u Háº¿n,canh-m-a-p-na-u-ha-n,Canh mÆ°á»›p Náº¥u Háº¿n,soups,mixed,true,,,,,,
canh-rau-ngot-thit,canh-rau-ngot-thit,11011,Canh Rau ngÃ³t Thá»‹t,Canh Rau ngÃ³t Thá»‹t,Canh Rau ngA³t Tha»‹t,Canh Rau ngÃ³t Thá»‹t,canh-rau-nga-t-tha-t,Canh Rau ngÃ³t Thá»‹t,soups,mixed,true,,,,,,
canh-rong-bien-chay,canh-rong-bien-chay,11051,Canh Rong Biá»ƒn Chay,Canh Rong Biá»ƒn Chay,Canh Rong Bia»ƒn Chay,Canh Rong Biá»ƒn Chay,canh-rong-bia-n-chay,Canh Rong Biá»ƒn Chay,soups,mixed,true,,,,,,
cao-lau,cao-lau,,Cao Láº§u,Cao Láº§u,Cao Laº§u,Cao Láº§u,cao-la-u,Cao Láº§u,soups,mixed,true,,,,,,
chuoi,chuoi,50001,Chuá»‘i,Chuá»‘i,Chua»‘i,Chuá»‘i,chua-i,Chuá»‘i,fruits,fruit,true,,,,,,
chuoi-tieu,chuoi-tieu,50017,Chuá»‘i Tiãªu,Chuá»‘i Tiãªu,Chua»‘i Tiaªu,Chuá»‘i Tiãªu,chua-i-tia-u,Chuá»‘i Tiãªu,fruits,fruit,true,,,,,,
chuoi-tieu-fr28,chuoi-tieu-fr28,,Chuá»‘i Tiãªu Chã­n,Chuá»‘i Tiãªu Chã­n,Chua»‘i Tiaªu Cha­n,Chuá»‘i Tiãªu Chã­n,chua-i-tia-u-cha-n,Chuá»‘i Tiãªu Chã­n,fruits,fruit,true,,,,,,
cha-ca-la-vong,cha-ca-la-vong,11038,Cháº£ Cã¡ LÃ£ Vá»ng,Cháº£ Cã¡ LÃ£ Vá»ng,Chaº£ Ca¡ LA£ Va»ng,Cháº£ Cã¡ LÃ£ Vá»ng,cha-ca-la-va-ng,Cháº£ Cã¡ LÃ£ Vá»ng,soups,mixed,true,,,,,,
cha-lua-chien,cha-lua-chien,,Cháº£ Lá»¥a Chiãªn,Cháº£ Lá»¥a Chiãªn,Chaº£ La»¥a Chiaªn,Cháº£ Lá»¥a Chiãªn,cha-la-a-chia-n,Cháº£ Lá»¥a Chiãªn,meat,protein,true,,,,,,
chao-ga,chao-ga,11057,Chã¡o Gã,Chã¡o Gã,Cha¡o Ga,Chã¡o Gã,cha-o-ga,Chã¡o Gã,soups,mixed,true,,,,,,
chao-long,chao-long,,Chã¡o lÃ²ng,Chã¡o lÃ²ng,Cha¡o lA²ng,Chã¡o lÃ²ng,cha-o-la-ng,Chã¡o lÃ²ng,soups,mixed,true,,,,,,
chao-thit-bam,chao-thit-bam,11005,Chã¡o Thá»‹t Báº±m,Chã¡o Thá»‹t Báº±m,Cha¡o Tha»‹t Baº±m,Chã¡o Thá»‹t Báº±m,cha-o-tha-t-ba-m,Chã¡o Thá»‹t Báº±m,soups,mixed,true,,,,,,
chao-trang,chao-trang,11056,Chã¡o Tráº¯ng,Chã¡o Tráº¯ng,Cha¡o Traº¯ng,Chã¡o Tráº¯ng,cha-o-tra-ng,Chã¡o Tráº¯ng,soups,mixed,true,,,,,,
chan-gio,chan-gio,,Chã¢n giÃ²,Chã¢n giÃ²,Cha¢n giA²,Chã¢n giÃ²,cha-n-gia,Chã¢n giÃ²,meat,protein,true,,,,,,
chan-ga,chan-ga,20107,Chã¢n Gã,Chã¢n Gã,Cha¢n Ga,Chã¢n Gã,cha-n-ga,Chã¢n Gã,meat,protein,true,,,,,,
chan-vit,chan-vit,20119,Chã¢n Vá»‹t,Chã¢n Vá»‹t,Cha¢n Va»‹t,Chã¢n Vá»‹t,cha-n-va-t,Chã¢n Vá»‹t,meat,protein,true,,,,,,
che-ba-mau,che-ba-mau,12004,Chã¨ Ba Mã U,Chã¨ Ba Mã U,Cha¨ Ba Ma U,Chã¨ Ba Mã U,cha-ba-ma-u,Chã¨ Ba Mã U,desserts,snack,true,,,,,,
che-khoai-mon,che-khoai-mon,12002,Chã¨ Khoai Mã´n,Chã¨ Khoai Mã´n,Cha¨ Khoai Ma´n,Chã¨ Khoai Mã´n,cha-khoai-ma-n,Chã¨ Khoai Mã´n,desserts,snack,true,,,,,,
che-dau-xanh,che-dau-xanh,12001,Chã¨ Ä‘áº­u Xanh,Chã¨ Ä‘áº­u Xanh,Cha¨ A‘aº­u Xanh,Chã¨ Ä‘áº­u Xanh,cha-a-a-u-xanh,Chã¨ Ä‘áº­u Xanh,desserts,snack,true,,,,,,
che-dau-den-viet39,che-dau-den-viet39,,Chã¨ Ä‘áº­u Ä‘en,Chã¨ Ä‘áº­u Ä‘en,Cha¨ A‘aº­u A‘en,Chã¨ Ä‘áº­u Ä‘en,cha-a-a-u-a-en,Chã¨ Ä‘áº­u Ä‘en,desserts,snack,true,,,,,,
chom-chom,chom-chom,50014,Chã´m Chã´m,Chã´m Chã´m,Cha´m Cha´m,Chã´m Chã´m,cha-m-cha-m,Chã´m Chã´m,fruits,fruit,true,chom-chom-fr34:Chã´m Chã´m|chom-chom-updated:Chã´m Chã´m,,,,,
cua,cua,30005,Cua,Cua,Cua,Cua,cua,Cua,seafood,protein,true,,,,,,
cua-bien,cua-bien,30012,Cua Biá»ƒn,Cua Biá»ƒn,Cua Bia»ƒn,Cua Biá»ƒn,cua-bia-n,Cua Biá»ƒn,seafood,protein,true,cua-bien-updated:Cua Biá»ƒn,,,,,
cua-dong,cua-dong,30031,Cua Ä‘á»“ng,Cua Ä‘á»“ng,Cua A‘a»“ng,Cua Ä‘á»“ng,cua-a-a-ng,Cua Ä‘á»“ng,seafood,protein,true,,,,,,
cai-bo-xoi,cai-bo-xoi,,Cáº£i bÃ³ Xã´i,Cáº£i bÃ³ Xã´i,Caº£i bA³ Xa´i,Cáº£i bÃ³ Xã´i,ca-i-ba-xa-i,Cáº£i bÃ³ Xã´i,vegetables,vegetable,true,,,,,,
cai-ngot,cai-ngot,40038,Cáº£i Ngá»t,Cáº£i Ngá»t,Caº£i Nga»t,Cáº£i Ngá»t,ca-i-nga-t,Cáº£i Ngá»t,vegetables,vegetable,true,,,,,,
cai-thia-updated,cai-thia-updated,40040,Cáº£i Thã¬a (Bok Choy),Cáº£i Thã¬a (Bok Choy),Caº£i Tha¬a (Bok Choy),Cáº£i Thã¬a (Bok Choy),ca-i-tha-a-bok-choy,Cáº£i Thã¬a (Bok Choy),vegetables,vegetable,true,,,,,,
cai-xanh,cai-xanh,40002,Cáº£i Xanh,Cáº£i Xanh,Caº£i Xanh,Cáº£i Xanh,ca-i-xanh,Cáº£i Xanh,vegetables,vegetable,true,,,,,,
cai-xanh-updated,cai-xanh-updated,40039,Cáº£i Xanh (Cáº£i báº¹),Cáº£i Xanh (Cáº£i báº¹),Caº£i Xanh (Caº£i baº¹),Cáº£i Xanh (Cáº£i báº¹),ca-i-xanh-ca-i-ba,Cáº£i Xanh (Cáº£i báº¹),vegetables,vegetable,true,,,,,,
cu-cai,cu-cai,,Cá»§ Cáº£i,Cá»§ Cáº£i,Ca»§ Caº£i,Cá»§ Cáº£i,ca-ca-i,Cá»§ Cáº£i,vegetables,vegetable,true,,,,,,
cu-cai-do,cu-cai-do,,Cá»§ Cáº£i Ä‘á»,Cá»§ Cáº£i Ä‘á»,Ca»§ Caº£i A‘a»,Cá»§ Cáº£i Ä‘á»,ca-ca-i-a-a,Cá»§ Cáº£i Ä‘á»,vegetables,vegetable,true,,,,,,
cu-nang,cu-nang,,Cá»§ Näƒng (Mã£ Tháº§y),Cá»§ Näƒng (Mã£ Tháº§y),Ca»§ Naƒng (Ma£ Thaº§y),Cá»§ Näƒng (Mã£ Tháº§y),ca-na-ng-ma-tha-y,Cá»§ Näƒng (Mã£ Tháº§y),vegetables,vegetable,true,,,,,,
cu-sen,cu-sen,,Cá»§ Sen,Cá»§ Sen,Ca»§ Sen,Cá»§ Sen,ca-sen,Cá»§ Sen,vegetables,vegetable,true,,,,,,
cu-tu,cu-tu,,Cá»§ Tá»«,Cá»§ Tá»«,Ca»§ Ta»«,Cá»§ Tá»«,ca-ta,Cá»§ Tá»«,vegetables,vegetable,true,,,,,,
coi-so-diep,coi-so-diep,30050,Cá»“i sÃ² Ä‘iá»‡p,Cá»“i sÃ² Ä‘iá»‡p,Ca»“i sA² A‘ia»‡p,Cá»“i sÃ² Ä‘iá»‡p,ca-i-sa-a-ia-p,Cá»“i sÃ² Ä‘iá»‡p,seafood,protein,true,,,,,,
co-be,co-be,20089,Cá»• Bãª,Cá»• Bãª,Ca»• Baª,Cá»• Bãª,ca-ba,Cá»• Bãª,meat,protein,true,,,,,,
co-ca-ngu,co-ca-ngu,30057,Cá»• Cã¡ Ngá»«,Cá»• Cã¡ Ngá»«,Ca»• Ca¡ Nga»«,Cá»• Cã¡ Ngá»«,ca-ca-nga,Cá»• Cã¡ Ngá»«,seafood,protein,true,,,,,,
co-ga,co-ga,20101,Cá»• Gã,Cá»• Gã,Ca»• Ga,Cá»• Gã,ca-ga,Cá»• Gã,meat,protein,true,,,,,,
co-vit,co-vit,20113,Cá»• Vá»‹t,Cá»• Vá»‹t,Ca»• Va»‹t,Cá»• Vá»‹t,ca-va-t,Cá»• Vá»‹t,meat,protein,true,,,,,,
ca-chua,ca-chua,40003,CÃ Chua,CÃ Chua,CA Chua,CÃ Chua,ca-chua,CÃ Chua,vegetables,vegetable,true,ca-chua-updated:CÃ Chua|ca-chua-veg35:CÃ Chua,,,,,
ca-chua-bi,ca-chua-bi,,CÃ Chua Bi,CÃ Chua Bi,CA Chua Bi,CÃ Chua Bi,ca-chua-bi,CÃ Chua Bi,vegetables,vegetable,true,,,,,,
ca-na,ca-na,50043,CÃ Na,CÃ Na,CA Na,CÃ Na,ca-na,CÃ Na,fruits,fruit,true,,,,,,
ca-phao-muoi,ca-phao-muoi,,CÃ Phã¡o Muá»‘i,CÃ Phã¡o Muá»‘i,CA Pha¡o Mua»‘i,CÃ Phã¡o Muá»‘i,ca-pha-o-mua-i,CÃ Phã¡o Muá»‘i,vegetables,vegetable,true,,,,,,
ca-phao-tuoi,ca-phao-tuoi,,CÃ Phã¡o tÆ°Æ¡i,CÃ Phã¡o tÆ°Æ¡i,CA Pha¡o tÆ°Æ¡i,CÃ Phã¡o tÆ°Æ¡i,ca-pha-o-t-i,CÃ Phã¡o tÆ°Æ¡i,vegetables,vegetable,true,,,,,,
ca-phe-sua-da,ca-phe-sua-da,90011,CÃ Phãª Sá»¯a Ä‘Ã¡,CÃ Phãª Sá»¯a Ä‘Ã¡,CA Phaª Sa»¯a A‘A¡,CÃ Phãª Sá»¯a Ä‘Ã¡,ca-pha-sa-a-a-a,CÃ Phãª Sá»¯a Ä‘Ã¡,beverages,beverage,true,,,,,,
ca-phe-den,ca-phe-den,90005,CÃ Phãª Ä‘en,CÃ Phãª Ä‘en,CA Phaª A‘en,CÃ Phãª Ä‘en,ca-pha-a-en,CÃ Phãª Ä‘en,beverages,beverage,true,,,,,,
ca-rot-rau,ca-rot-rau,40004,CÃ Rá»‘t,CÃ Rá»‘t,CA Ra»‘t,CÃ Rá»‘t,ca-ra-t,CÃ Rá»‘t,vegetables,vegetable,true,,,,,,
ca-rot-tim,ca-rot-tim,,CÃ Rá»‘t Tã­m,CÃ Rá»‘t Tã­m,CA Ra»‘t Ta­m,CÃ Rá»‘t Tã­m,ca-ra-t-ta-m,CÃ Rá»‘t Tã­m,vegetables,vegetable,true,,,,,,
ca-tim,ca-tim,11054,CÃ Tã­m,CÃ Tã­m,CA Ta­m,CÃ Tã­m,ca-ta-m,CÃ Tã­m,vegetables,vegetable,true,,,,,,
ca-tim-kho-chay,ca-tim-kho-chay,11054,CÃ Tã­m Kho Chay,CÃ Tã­m Kho Chay,CA Ta­m Kho Chay,CÃ Tã­m Kho Chay,ca-ta-m-kho-chay,CÃ Tã­m Kho Chay,soups,mixed,true,,,,,,
ca-basa,ca-basa,30001,CÃ¡ Basa,CÃ¡ Basa,CA¡ Basa,CÃ¡ Basa,ca-basa,CÃ¡ Basa,seafood,protein,true,,,,,,
ca-bac-ma,ca-bac-ma,30023,CÃ¡ Báº¡c Mã¡,CÃ¡ Báº¡c Mã¡,CA¡ Baº¡c Ma¡,CÃ¡ Báº¡c Mã¡,ca-ba-c-ma,CÃ¡ Báº¡c Mã¡,seafood,protein,true,,,,,,
ca-bop,ca-bop,,CÃ¡ Bá»›p,CÃ¡ Bá»›p,CA¡ Ba»›p,CÃ¡ Bá»›p,ca-ba-p,CÃ¡ Bá»›p,seafood,protein,true,,,,,,
ca-bon-bien,ca-bon-bien,,CÃ¡ Bæ¡n Biá»ƒn,CÃ¡ Bæ¡n Biá»ƒn,CA¡ Bæ¡n Bia»ƒn,CÃ¡ Bæ¡n Biá»ƒn,ca-b-n-bia-n,CÃ¡ Bæ¡n Biá»ƒn,seafood,protein,true,,,,,,
ca-chim-bien,ca-chim-bien,,CÃ¡ Chim Biá»ƒn,CÃ¡ Chim Biá»ƒn,CA¡ Chim Bia»ƒn,CÃ¡ Chim Biá»ƒn,ca-chim-bia-n,CÃ¡ Chim Biá»ƒn,seafood,protein,true,,,,,,
ca-chien,ca-chien,11024,CÃ¡ Chiãªn,CÃ¡ Chiãªn,CA¡ Chiaªn,CÃ¡ Chiãªn,ca-chia-n,CÃ¡ Chiãªn,soups,mixed,true,,,,,,
ca-chuon,ca-chuon,30062,CÃ¡ Chuá»“n,CÃ¡ Chuá»“n,CA¡ Chua»“n,CÃ¡ Chuá»“n,ca-chua-n,CÃ¡ Chuá»“n,seafood,protein,true,,,,,,
ca-chem,ca-chem,30011,CÃ¡ Cháº½m,CÃ¡ Cháº½m,CA¡ Chaº½m,CÃ¡ Cháº½m,ca-cha-m,CÃ¡ Cháº½m,seafood,protein,true,,,,,,
ca-chi-vang,ca-chi-vang,,CÃ¡ Chá»‰ Vã Ng,CÃ¡ Chá»‰ Vã Ng,CA¡ Cha»‰ Va Ng,CÃ¡ Chá»‰ Vã Ng,ca-cha-va-ng,CÃ¡ Chá»‰ Vã Ng,seafood,protein,true,,,,,,
ca-chep,ca-chep,30013,CÃ¡ Chã©p,CÃ¡ Chã©p,CA¡ Cha©p,CÃ¡ Chã©p,ca-cha-p,CÃ¡ Chã©p,freshwater,protein,true,,,,,,
ca-com-kho,ca-com-kho,,CÃ¡ Cæ¡m Khã´,CÃ¡ Cæ¡m Khã´,CA¡ Cæ¡m Kha´,CÃ¡ Cæ¡m Khã´,ca-c-m-kha,CÃ¡ Cæ¡m Khã´,seafood,protein,true,,,,,,
ca-com-tuoi,ca-com-tuoi,30026,CÃ¡ Cæ¡m tÆ°Æ¡i,CÃ¡ Cæ¡m tÆ°Æ¡i,CA¡ Cæ¡m tÆ°Æ¡i,CÃ¡ Cæ¡m tÆ°Æ¡i,ca-c-m-t-i,CÃ¡ Cæ¡m tÆ°Æ¡i,seafood,protein,true,,,,,,
ca-dieu-hong,ca-dieu-hong,30016,CÃ¡ Diãªu Há»“ng,CÃ¡ Diãªu Há»“ng,CA¡ Diaªu Ha»“ng,CÃ¡ Diãªu Há»“ng,ca-dia-u-ha-ng,CÃ¡ Diãªu Há»“ng,freshwater,protein,true,,,,,,
ca-dua,ca-dua,,CÃ¡ Dá»©a,CÃ¡ Dá»©a,CA¡ Da»©a,CÃ¡ Dá»©a,ca-da-a,CÃ¡ Dá»©a,seafood,protein,true,,,,,,
ca-ho-nuong,ca-ho-nuong,,CÃ¡ Há»‘ nÆ°á»›ng,CÃ¡ Há»‘ nÆ°á»›ng,CA¡ Ha»‘ nÆ°a»›ng,CÃ¡ Há»‘ nÆ°á»›ng,ca-ha-n-a-ng,CÃ¡ Há»‘ nÆ°á»›ng,seafood,protein,true,,,,,,
ca-hui,ca-hui,30008,CÃ¡ Há»“i,CÃ¡ Há»“i,CA¡ Ha»“i,CÃ¡ Há»“i,ca-ha-i,CÃ¡ Há»“i,seafood,protein,true,ca-hoi:CÃ¡ Há»“i,,,,,
ca-hoi-nuong,ca-hoi-nuong,,CÃ¡ Há»“i nÆ°á»›ng,CÃ¡ Há»“i nÆ°á»›ng,CA¡ Ha»“i nÆ°a»›ng,CÃ¡ Há»“i nÆ°á»›ng,ca-ha-i-n-a-ng,CÃ¡ Há»“i nÆ°á»›ng,seafood,protein,true,,,,,,
ca-hong-bien,ca-hong-bien,,CÃ¡ Há»“ng Biá»ƒn,CÃ¡ Há»“ng Biá»ƒn,CA¡ Ha»“ng Bia»ƒn,CÃ¡ Há»“ng Biá»ƒn,ca-ha-ng-bia-n,CÃ¡ Há»“ng Biá»ƒn,seafood,protein,true,,,,,,
ca-kho-tieu,ca-kho-tieu,11028,CÃ¡ Kho Tiãªu,CÃ¡ Kho Tiãªu,CA¡ Kho Tiaªu,CÃ¡ Kho Tiãªu,ca-kho-tia-u,CÃ¡ Kho Tiãªu,soups,mixed,true,,,,,,
ca-kho-to,ca-kho-to,11009,CÃ¡ Kho Tá»™,CÃ¡ Kho Tá»™,CA¡ Kho Ta»™,CÃ¡ Kho Tá»™,ca-kho-ta,CÃ¡ Kho Tá»™,seafood,protein,true,,,,,,
ca-kho,ca-kho,30045,CÃ¡ Khã´ (Trung Bã¬nh),CÃ¡ Khã´ (Trung Bã¬nh),CA¡ Kha´ (Trung Ba¬nh),CÃ¡ Khã´ (Trung Bã¬nh),ca-kha-trung-ba-nh,CÃ¡ Khã´ (Trung Bã¬nh),seafood,protein,true,,,,,,
ca-kim,ca-kim,,CÃ¡ Kã¬m,CÃ¡ Kã¬m,CA¡ Ka¬m,CÃ¡ Kã¬m,ca-ka-m,CÃ¡ Kã¬m,seafood,protein,true,,,,,,
ca-linh,ca-linh,,CÃ¡ Linh,CÃ¡ Linh,CA¡ Linh,CÃ¡ Linh,ca-linh,CÃ¡ Linh,seafood,protein,true,,,,,,
ca-loc,ca-loc,11044,CÃ¡ lÃ³c,CÃ¡ lÃ³c,CA¡ lA³c,CÃ¡ lÃ³c,ca-la-c,CÃ¡ lÃ³c,seafood,protein,true,,,,,,
ca-loc-updated,ca-loc-updated,30019,CÃ¡ lÃ³c (Cã¡ Quáº£),CÃ¡ lÃ³c (Cã¡ Quáº£),CA¡ lA³c (Ca¡ Quaº£),CÃ¡ lÃ³c (Cã¡ Quáº£),ca-la-c-ca-qua,CÃ¡ lÃ³c (Cã¡ Quáº£),freshwater,protein,true,,,,,,
ca-loc-nuong-trui,ca-loc-nuong-trui,11044,CÃ¡ lÃ³c nÆ°á»›ng Trui,CÃ¡ lÃ³c nÆ°á»›ng Trui,CA¡ lA³c nÆ°a»›ng Trui,CÃ¡ lÃ³c nÆ°á»›ng Trui,ca-la-c-n-a-ng-trui,CÃ¡ lÃ³c nÆ°á»›ng Trui,soups,mixed,true,,,,,,
ca-moi-hop-fish32,ca-moi-hop-fish32,,CÃ¡ mÃ²i Há»™p,CÃ¡ mÃ²i Há»™p,CA¡ mA²i Ha»™p,CÃ¡ mÃ²i Há»™p,ca-ma-i-ha-p,CÃ¡ mÃ²i Há»™p,seafood,protein,true,,,,,,
ca-moi-nuong,ca-moi-nuong,,CÃ¡ mÃ²i nÆ°á»›ng,CÃ¡ mÃ²i nÆ°á»›ng,CA¡ mA²i nÆ°a»›ng,CÃ¡ mÃ²i nÆ°á»›ng,ca-ma-i-n-a-ng,CÃ¡ mÃ²i nÆ°á»›ng,seafood,protein,true,,,,,,
ca-moi-tuoi,ca-moi-tuoi,30027,CÃ¡ mÃ²i tÆ°Æ¡i,CÃ¡ mÃ²i tÆ°Æ¡i,CA¡ mA²i tÆ°Æ¡i,CÃ¡ mÃ²i tÆ°Æ¡i,ca-ma-i-t-i,CÃ¡ mÃ²i tÆ°Æ¡i,seafood,protein,true,,,,,,
ca-mu,ca-mu,30063,CÃ¡ Mãº,CÃ¡ Mãº,CA¡ Maº,CÃ¡ Mãº,ca-ma,CÃ¡ Mãº,seafood,protein,true,,,,,,
ca-ngu,ca-ngu,30006,CÃ¡ Ngá»«,CÃ¡ Ngá»«,CA¡ Nga»«,CÃ¡ Ngá»«,ca-nga,CÃ¡ Ngá»«,seafood,protein,true,,,,,,
ca-ngu-hop-nuoc,ca-ngu-hop-nuoc,,CÃ¡ Ngá»« Há»™p (nÆ°á»›c),CÃ¡ Ngá»« Há»™p (nÆ°á»›c),CA¡ Nga»« Ha»™p (nÆ°a»›c),CÃ¡ Ngá»« Há»™p,ca-nga-ha-p-n-a-c,CÃ¡ Ngá»« Há»™p (nÆ°á»›c),seafood,protein,true,,,,,,
ca-ngu-tuoi,ca-ngu-tuoi,30024,CÃ¡ Ngá»« tÆ°Æ¡i,CÃ¡ Ngá»« tÆ°Æ¡i,CA¡ Nga»« tÆ°Æ¡i,CÃ¡ Ngá»« tÆ°Æ¡i,ca-nga-t-i,CÃ¡ Ngá»« tÆ°Æ¡i,seafood,protein,true,,,,,,
ca-ngu-ap-chao,ca-ngu-ap-chao,,CÃ¡ Ngá»« Ã¡p Cháº£o,CÃ¡ Ngá»« Ã¡p Cháº£o,CA¡ Nga»« A¡p Chaº£o,CÃ¡ Ngá»« Ã¡p Cháº£o,ca-nga-a-p-cha-o,CÃ¡ Ngá»« Ã¡p Cháº£o,seafood,protein,true,,,,,,
ca-nuc,ca-nuc,30022,CÃ¡ Ná»¥c,CÃ¡ Ná»¥c,CA¡ Na»¥c,CÃ¡ Ná»¥c,ca-na-c,CÃ¡ Ná»¥c,seafood,protein,true,,,,,,
ca-nuc-nuong,ca-nuc-nuong,,CÃ¡ Ná»¥c nÆ°á»›ng,CÃ¡ Ná»¥c nÆ°á»›ng,CA¡ Na»¥c nÆ°a»›ng,CÃ¡ Ná»¥c nÆ°á»›ng,ca-na-c-n-a-ng,CÃ¡ Ná»¥c nÆ°á»›ng,seafood,protein,true,,,,,,
ca-nau,ca-nau,,CÃ¡ Nã¢u,CÃ¡ Nã¢u,CA¡ Na¢u,CÃ¡ Nã¢u,ca-na-u,CÃ¡ Nã¢u,seafood,protein,true,,,,,,
ca-ro,ca-ro,30003,CÃ¡ Rã´,CÃ¡ Rã´,CA¡ Ra´,CÃ¡ Rã´,ca-ra,CÃ¡ Rã´,seafood,protein,true,ca-rot:CÃ¡ Rã´,,,,,
ca-ro-phi,ca-ro-phi,30018,CÃ¡ Rã´ Phi,CÃ¡ Rã´ Phi,CA¡ Ra´ Phi,CÃ¡ Rã´ Phi,ca-ra-phi,CÃ¡ Rã´ Phi,freshwater,protein,true,,,,,,
ca-ro-dong,ca-ro-dong,30017,CÃ¡ Rã´ Ä‘á»“ng,CÃ¡ Rã´ Ä‘á»“ng,CA¡ Ra´ A‘a»“ng,CÃ¡ Rã´ Ä‘á»“ng,ca-ra-a-a-ng,CÃ¡ Rã´ Ä‘á»“ng,freshwater,protein,true,,,,,,
ca-sac,ca-sac,,CÃ¡ Sáº·c,CÃ¡ Sáº·c,CA¡ Saº·c,CÃ¡ Sáº·c,ca-sa-c,CÃ¡ Sáº·c,seafood,protein,true,,,,,,
ca-thu,ca-thu,30025,CÃ¡ Thu,CÃ¡ Thu,CA¡ Thu,CÃ¡ Thu,ca-thu,CÃ¡ Thu,seafood,protein,true,,,,,,
ca-thu-nuong,ca-thu-nuong,,CÃ¡ Thu nÆ°á»›ng,CÃ¡ Thu nÆ°á»›ng,CA¡ Thu nÆ°a»›ng,CÃ¡ Thu nÆ°á»›ng,ca-thu-n-a-ng,CÃ¡ Thu nÆ°á»›ng,seafood,protein,true,,,,,,
ca-thu-tuoi,ca-thu-tuoi,,CÃ¡ Thu tÆ°Æ¡i,CÃ¡ Thu tÆ°Æ¡i,CA¡ Thu tÆ°Æ¡i,CÃ¡ Thu tÆ°Æ¡i,ca-thu-t-i,CÃ¡ Thu tÆ°Æ¡i,seafood,protein,true,,,,,,
ca-that-lat,ca-that-lat,,CÃ¡ Thã¡t Lã¡t,CÃ¡ Thã¡t Lã¡t,CA¡ Tha¡t La¡t,CÃ¡ Thã¡t Lã¡t,ca-tha-t-la-t,CÃ¡ Thã¡t Lã¡t,seafood,protein,true,,,,,,
ca-tra,ca-tra,30014,CÃ¡ Tra,CÃ¡ Tra,CA¡ Tra,CÃ¡ Tra,ca-tra,CÃ¡ Tra,seafood,protein,true,,,,,,
ca-tram,ca-tram,30014,CÃ¡ Tráº¯m,CÃ¡ Tráº¯m,CA¡ Traº¯m,CÃ¡ Tráº¯m,ca-tra-m,CÃ¡ Tráº¯m,seafood,protein,true,,,,,,
ca-tram-co,ca-tram-co,30014,CÃ¡ Tráº¯m Cá»,CÃ¡ Tráº¯m Cá»,CA¡ Traº¯m Ca»,CÃ¡ Tráº¯m Cá»,ca-tra-m-ca,CÃ¡ Tráº¯m Cá»,freshwater,protein,true,,,,,,
ca-tre,ca-tre,30010,CÃ¡ Trãª,CÃ¡ Trãª,CA¡ Traª,CÃ¡ Trãª,ca-tra,CÃ¡ Trãª,freshwater,protein,true,,,,,,
ca-trich,ca-trich,30061,CÃ¡ Trã­ch,CÃ¡ Trã­ch,CA¡ Tra­ch,CÃ¡ Trã­ch,ca-tra-ch,CÃ¡ Trã­ch,seafood,protein,true,,,,,,
ca-trich-nuong,ca-trich-nuong,,CÃ¡ Trã­ch nÆ°á»›ng,CÃ¡ Trã­ch nÆ°á»›ng,CA¡ Tra­ch nÆ°a»›ng,CÃ¡ Trã­ch nÆ°á»›ng,ca-tra-ch-n-a-ng,CÃ¡ Trã­ch nÆ°á»›ng,seafood,protein,true,,,,,,
ca-troi,ca-troi,30015,CÃ¡ Trã´i,CÃ¡ Trã´i,CA¡ Tra´i,CÃ¡ Trã´i,ca-tra-i,CÃ¡ Trã´i,freshwater,protein,true,,,,,,
ca-tuyet,ca-tuyet,,CÃ¡ Tuyáº¿t,CÃ¡ Tuyáº¿t,CA¡ Tuyaº¿t,CÃ¡ Tuyáº¿t,ca-tuya-t,CÃ¡ Tuyáº¿t,seafood,protein,true,,,,,,
ca-duoi,ca-duoi,,CÃ¡ Ä‘uá»‘i,CÃ¡ Ä‘uá»‘i,CA¡ A‘ua»‘i,CÃ¡ Ä‘uá»‘i,ca-a-ua-i,CÃ¡ Ä‘uá»‘i,seafood,protein,true,,,,,,
canh-giua-ga,canh-giua-ga,20099,Cã¡nh Giá»¯a Gã,Cã¡nh Giá»¯a Gã,Ca¡nh Gia»¯a Ga,Cã¡nh Giá»¯a Gã,ca-nh-gia-a-ga,Cã¡nh Giá»¯a Gã,meat,protein,true,,,,,,
canh-ga,canh-ga,20098,Cã¡nh Gã,Cã¡nh Gã,Ca¡nh Ga,Cã¡nh Gã,ca-nh-ga,Cã¡nh Gã,meat,protein,true,,,,,,
canh-vit,canh-vit,20112,Cã¡nh Vá»‹t,Cã¡nh Vá»‹t,Ca¡nh Va»‹t,Cã¡nh Vá»‹t,ca-nh-va-t,Cã¡nh Vá»‹t,meat,protein,true,,,,,,
canh-dau-ga,canh-dau-ga,20100,Cã¡nh Ä‘áº§u Gã,Cã¡nh Ä‘áº§u Gã,Ca¡nh A‘aº§u Ga,Cã¡nh Ä‘áº§u Gã,ca-nh-a-a-u-ga,Cã¡nh Ä‘áº§u Gã,meat,protein,true,,,,,,
coc,coc,10008,CÃ³c,CÃ³c,CA³c,CÃ³c,ca-c,CÃ³c,fruits,fruit,true,,,,,,
com-bo-luc-lac,com-bo-luc-lac,11061,Cæ¡m bÃ² Lãºc Láº¯c,Cæ¡m bÃ² Lãºc Láº¯c,Cæ¡m bA² Laºc Laº¯c,Cæ¡m bÃ² Lãºc Láº¯c,c-m-ba-la-c-la-c,Cæ¡m bÃ² Lãºc Láº¯c,soups,mixed,true,,,,,,
com-canh-chua-ca,com-canh-chua-ca,11007,Cæ¡m Canh Chua Cã¡,Cæ¡m Canh Chua Cã¡,Cæ¡m Canh Chua Ca¡,Cæ¡m Canh Chua Cã¡,c-m-canh-chua-ca,Cæ¡m Canh Chua Cã¡,soups,mixed,true,,,,,,
com-chay-thap-cam,com-chay-thap-cam,11046,Cæ¡m Chay Tháº­p Cáº©m,Cæ¡m Chay Tháº­p Cáº©m,Cæ¡m Chay Thaº­p Caº©m,Cæ¡m Chay Tháº­p Cáº©m,c-m-chay-tha-p-ca-m,Cæ¡m Chay Tháº­p Cáº©m,soups,mixed,true,,,,,,
com-chien-canh,com-chien-canh,11060,Cæ¡m Chiãªn + Canh,Cæ¡m Chiãªn + Canh,Cæ¡m Chiaªn + Canh,Cæ¡m Chiãªn + Canh,c-m-chia-n-canh,Cæ¡m Chiãªn + Canh,soups,mixed,true,,,,,,
com-chien-chay,com-chien-chay,11047,Cæ¡m Chiãªn Chay,Cæ¡m Chiãªn Chay,Cæ¡m Chiaªn Chay,Cæ¡m Chiãªn Chay,c-m-chia-n-chay,Cæ¡m Chiãªn Chay,soups,mixed,true,,,,,,
com-chien-duong-chau,com-chien-duong-chau,11021,Cæ¡m Chiãªn DÆ°Æ¡ng Chã¢u,Cæ¡m Chiãªn DÆ°Æ¡ng Chã¢u,Cæ¡m Chiaªn DÆ°Æ¡ng Cha¢u,Cæ¡m Chiãªn DÆ°Æ¡ng,c-m-chia-n-d-ng-cha-u,Cæ¡m Chiãªn DÆ°Æ¡ng Chã¢u,rice-noodles,carb,true,,,,,,
com-ca-kho-to,com-ca-kho-to,11009,Cæ¡m Cã¡ Kho Tá»™,Cæ¡m Cã¡ Kho Tá»™,Cæ¡m Ca¡ Kho Ta»™,Cæ¡m Cã¡ Kho Tá»™,c-m-ca-kho-ta,Cæ¡m Cã¡ Kho Tá»™,soups,mixed,true,,,,,,
com-gao-lut,com-gao-lut,,Cæ¡m Gáº¡o Lá»©t,Cæ¡m Gáº¡o Lá»©t,Cæ¡m Gaº¡o La»©t,Cæ¡m Gáº¡o Lá»©t,c-m-ga-o-la-t,Cæ¡m Gáº¡o Lá»©t,rice-noodles,carb,true,,,,,,
com-ga,com-ga,10009,Cæ¡m Gã,Cæ¡m Gã,Cæ¡m Ga,Cæ¡m Gã,c-m-ga,Cæ¡m Gã,rice-noodles,carb,true,,,,,,
com-ga-xoi-mo,com-ga-xoi-mo,11020,Cæ¡m Gã Xá»‘i Má»¡,Cæ¡m Gã Xá»‘i Má»¡,Cæ¡m Ga Xa»‘i Ma»¡,Cæ¡m Gã Xá»‘i Má»¡,c-m-ga-xa-i-ma,Cæ¡m Gã Xá»‘i Má»¡,rice-noodles,carb,true,,,,,,
com-ga-xe,com-ga-xe,11059,Cæ¡m Gã Xã©,Cæ¡m Gã Xã©,Cæ¡m Ga Xa©,Cæ¡m Gã Xã©,c-m-ga-xa,Cæ¡m Gã Xã©,soups,mixed,true,,,,,,
com-hen,com-hen,10043,Cæ¡m Háº¿n,Cæ¡m Háº¿n,Cæ¡m Haº¿n,Cæ¡m Háº¿n,c-m-ha-n,Cæ¡m Háº¿n,rice-noodles,carb,true,,,,,,
com-rang-trung,com-rang-trung,10041,Cæ¡m Rang Trá»©ng,Cæ¡m Rang Trá»©ng,Cæ¡m Rang Tra»©ng,Cæ¡m Rang Trá»©ng,c-m-rang-tra-ng,Cæ¡m Rang Trá»©ng,rice-noodles,carb,true,,,,,,
com-suon-canh,com-suon-canh,11058,Cæ¡m sÆ°á»n + Canh,Cæ¡m sÆ°á»n + Canh,Cæ¡m sÆ°a»n + Canh,Cæ¡m sÆ°á»n + Canh,c-m-s-a-n-canh,Cæ¡m sÆ°á»n + Canh,soups,mixed,true,,,,,,
com-thit-kho-trung,com-thit-kho-trung,11008,Cæ¡m Thá»‹t Kho Trá»©ng,Cæ¡m Thá»‹t Kho Trá»©ng,Cæ¡m Tha»‹t Kho Tra»©ng,Cæ¡m Thá»‹t Kho Trá»©ng,c-m-tha-t-kho-tra-ng,Cæ¡m Thá»‹t Kho Trá»©ng,soups,mixed,true,,,,,,
com-trang,com-trang,10001,Cæ¡m Tráº¯ng,Cæ¡m Tráº¯ng,Cæ¡m Traº¯ng,Cæ¡m Tráº¯ng,c-m-tra-ng,Cæ¡m Tráº¯ng,rice-noodles,carb,true,,,,,,
com-tam,com-tam,10013,Cæ¡m Táº¥m,Cæ¡m Táº¥m,Cæ¡m Taº¥m,Cæ¡m Táº¥m,c-m-ta-m,Cæ¡m Táº¥m,rice-noodles,carb,true,,,,,,
com-tam-suon-viet05,com-tam-suon-viet05,,Cæ¡m Táº¥m sÆ°á»n,Cæ¡m Táº¥m sÆ°á»n,Cæ¡m Taº¥m sÆ°a»n,Cæ¡m Táº¥m sÆ°á»n,c-m-ta-m-s-a-n,Cæ¡m Táº¥m sÆ°á»n,rice-noodles,carb,true,,,,,,
com-tam-suon-bi-cha,com-tam-suon-bi-cha,11019,Cæ¡m Táº¥m sÆ°á»n Bã¬ Cháº£,Cæ¡m Táº¥m sÆ°á»n Bã¬ Cháº£,Cæ¡m Taº¥m sÆ°a»n Ba¬ Chaº£,Cæ¡m Táº¥m sÆ°á»n Bã¬,c-m-ta-m-s-a-n-ba-cha,Cæ¡m Táº¥m sÆ°á»n Bã¬ Cháº£,soups,mixed,true,,,,,,
da-ga,da-ga,20102,Da Gã,Da Gã,Da Ga,Da Gã,da-ga,Da Gã,meat,protein,true,,,,,,
da-vit,da-vit,20114,Da Vá»‹t,Da Vá»‹t,Da Va»‹t,Da Vá»‹t,da-va-t,Da Vá»‹t,meat,protein,true,,,,,,
dau-hao,dau-hao,70008,Dáº§u Hã O,Dáº§u Hã O,Daº§u Ha O,Dáº§u Hã O,da-u-ha-o,Dáº§u Hã O,condiments,mixed,true,,,,,,
dau-an-thuc-vat,dau-an-thuc-vat,70006,Dáº§u Äƒn Thá»±c Váº­t,Dáº§u Äƒn Thá»±c Váº­t,Daº§u Aƒn Tha»±c Vaº­t,Dáº§u Äƒn Thá»±c Váº­t,da-u-a-n-tha-c-va-t,Dáº§u Äƒn Thá»±c Váº­t,condiments,mixed,true,,,,,,
dua,dua,50023,Dá»©a (Thæ¡m),Dá»©a (Thæ¡m),Da»©a (Thæ¡m),Dá»©a (Thæ¡m),da-a-th-m,Dá»©a (Thæ¡m),fruits,fruit,true,dua-thom-fr37:Dá»©a (Thæ¡m),,,,,
dau-da,dau-da,50040,Dã¢u Da (bÃ²n Bon),Dã¢u Da (bÃ²n Bon),Da¢u Da (bA²n Bon),Dã¢u Da (bÃ²n Bon),da-u-da-ba-n-bon,Dã¢u Da (bÃ²n Bon),fruits,fruit,true,,,,,,
dau-tam,dau-tam,50041,Dã¢u Táº±m,Dã¢u Táº±m,Da¢u Taº±m,Dã¢u Táº±m,da-u-ta-m,Dã¢u Táº±m,fruits,fruit,true,,,,,,
dau-tay,dau-tay,50016,Dã¢u Tã¢y,Dã¢u Tã¢y,Da¢u Ta¢y,Dã¢u Tã¢y,da-u-ta-y,Dã¢u Tã¢y,fruits,fruit,true,,,,,,
dua-cai-muoi,dua-cai-muoi,,DÆ°a Cáº£i Muá»‘i,DÆ°a Cáº£i Muá»‘i,DÆ°a Caº£i Mua»‘i,DÆ°a Cáº£i Muá»‘i,d-a-ca-i-mua-i,DÆ°a Cáº£i Muá»‘i,vegetables,vegetable,true,,,,,,
dua-gang,dua-gang,,DÆ°a Gang,DÆ°a Gang,DÆ°a Gang,DÆ°a Gang,d-a-gang,DÆ°a Gang,vegetables,vegetable,true,,,,,,
dua-hau,dua-hau,50004,DÆ°a Háº¥u,DÆ°a Háº¥u,DÆ°a Haº¥u,DÆ°a Háº¥u,d-a-ha-u,DÆ°a Háº¥u,fruits,fruit,true,dua-hau-fr20:DÆ°a Háº¥u|dua-hau-updated:DÆ°a Háº¥u,,,,,
dua-leo-veg36,dua-leo-veg36,,DÆ°a Leo,DÆ°a Leo,DÆ°a Leo,DÆ°a Leo,d-a-leo,DÆ°a Leo,vegetables,vegetable,true,,,,,,
dua-leo,dua-leo,40042,DÆ°a Leo (dÆ°a Chuá»™t),DÆ°a Leo (dÆ°a Chuá»™t),DÆ°a Leo (dÆ°a Chua»™t),DÆ°a Leo (dÆ°a Chuá»™t),d-a-leo-d-a-chua-t,DÆ°a Leo (dÆ°a Chuá»™t),vegetables,vegetable,true,,,,,,
dua-leo-bao-tu,dua-leo-bao-tu,,DÆ°a Leo Bao Tá»­,DÆ°a Leo Bao Tá»­,DÆ°a Leo Bao Ta»­,DÆ°a Leo Bao Tá»­,d-a-leo-bao-ta,DÆ°a Leo Bao Tá»­,vegetables,vegetable,true,,,,,,
gan-ga,gan-ga,20104,Gan Gã,Gan Gã,Gan Ga,Gan Gã,gan-ga,Gan Gã,meat,protein,true,,,,,,
gan-heo,gan-heo,20006,Gan Heo,Gan Heo,Gan Heo,Gan Heo,gan-heo,Gan Heo,meat,protein,true,,,,,,
gan-lon,gan-lon,,Gan Lá»£n,Gan Lá»£n,Gan La»£n,Gan Lá»£n,gan-la-n,Gan Lá»£n,meat,protein,true,,,,,,
gan-vit,gan-vit,20116,Gan Vá»‹t,Gan Vá»‹t,Gan Va»‹t,Gan Vá»‹t,gan-va-t,Gan Vá»‹t,meat,protein,true,,,,,,
ghe,ghe,30032,Gháº¹,Gháº¹,Ghaº¹,Gháº¹,gha,Gháº¹,seafood,protein,true,,,,,,
ghe-xanh,ghe-xanh,30032,Gháº¹ Xanh,Gháº¹ Xanh,Ghaº¹ Xanh,Gháº¹ Xanh,gha-xanh,Gháº¹ Xanh,seafood,protein,true,,,,,,
gia-do,gia-do,,Giã¡ Ä‘á»—,Giã¡ Ä‘á»—,Gia¡ A‘a»—,Giã¡ Ä‘á»—,gia-a-a,Giã¡ Ä‘á»—,vegetables,vegetable,true,,,,,,
gio-heo,gio-heo,20025,GiÃ² Heo (Chã¢n giÃ²),GiÃ² Heo (Chã¢n giÃ²),GiA² Heo (Cha¢n giA²),GiÃ² Heo (Chã¢n giÃ²),gia-heo-cha-n-gia,GiÃ² Heo (Chã¢n giÃ²),meat,protein,true,,,,,,
gio-lua,gio-lua,,GiÃ² Lá»¥a,GiÃ² Lá»¥a,GiA² La»¥a,GiÃ² Lá»¥a,gia-la-a,GiÃ² Lá»¥a,meat,protein,true,,,,,,
thit-nguoi-giam-bong,thit-nguoi-giam-bong,20034,Giäƒm Bã´ng (Thá»‹t Nguá»™i),Giäƒm Bã´ng (Thá»‹t Nguá»™i),Giaƒm Ba´ng (Tha»‹t Ngua»™i),Giäƒm Bã´ng (Thá»‹t,gia-m-ba-ng-tha-t-ngua-i,Giäƒm Bã´ng (Thá»‹t Nguá»™i),meat,protein,true,,,,,,
gao-lut-do,gao-lut-do,,Gáº¡o Lá»©t Ä‘á»,Gáº¡o Lá»©t Ä‘á»,Gaº¡o La»©t A‘a»,Gáº¡o Lá»©t Ä‘á»,ga-o-la-t-a-a,Gáº¡o Lá»©t Ä‘á»,rice-noodles,carb,true,,,,,,
gao-nep,gao-nep,,Gáº¡o Náº¿p,Gáº¡o Náº¿p,Gaº¡o Naº¿p,Gáº¡o Náº¿p,ga-o-na-p,Gáº¡o Náº¿p,rice-noodles,carb,true,,,,,,
goi-cuon-chay,goi-cuon-chay,10023,Gá»i Cuá»‘n Chay,Gá»i Cuá»‘n Chay,Ga»i Cua»‘n Chay,Gá»i Cuá»‘n Chay,ga-i-cua-n-chay,Gá»i Cuá»‘n Chay,snacks,snack,true,,,,,,
goi-cuon,goi-cuon,10035,Gá»i Cuá»‘n Tã´m Thá»‹t,Gá»i Cuá»‘n Tã´m Thá»‹t,Ga»i Cua»‘n Ta´m Tha»‹t,Gá»i Cuá»‘n Tã´m Thá»‹t,ga-i-cua-n-ta-m-tha-t,Gá»i Cuá»‘n Tã´m Thá»‹t,snacks,snack,true,goi-cuon-tom-thit:Gá»i Cuá»‘n Tã´m Thá»‹t,,,,,
gung,gung,11029,Gá»«ng,Gá»«ng,Ga»«ng,Gá»«ng,ga-ng,Gá»«ng,vegetables,vegetable,true,,,,,,
ga-kho-gung,ga-kho-gung,11029,GÃ Kho Gá»«ng,GÃ Kho Gá»«ng,GA Kho Ga»«ng,GÃ Kho Gá»«ng,ga-kho-ga-ng,GÃ Kho Gá»«ng,soups,mixed,true,,,,,,
gan-be,gan-be,20091,Gã¢n Bãª,Gã¢n Bãª,Ga¢n Baª,Gã¢n Bãª,ga-n-ba,Gã¢n Bãª,meat,protein,true,,,,,,
gan-bo,gan-bo,20067,Gã¢n bÃ²,Gã¢n bÃ²,Ga¢n bA²,Gã¢n bÃ²,ga-n-ba,Gã¢n bÃ²,meat,protein,true,,,,,,
gan-de-gia,gan-de-gia,20082,Gã¢n Dãª,Gã¢n Dãª,Ga¢n Daª,Gã¢n Dãª,ga-n-da,Gã¢n Dãª,meat,protein,true,,,,,,
gan-trau,gan-trau,20074,Gã¢n Trã¢u,Gã¢n Trã¢u,Ga¢n Tra¢u,Gã¢n Trã¢u,ga-n-tra-u,Gã¢n Trã¢u,meat,protein,true,,,,,,
hat-bi,hat-bi,60020,Háº¡t Bã­ Xanh,Háº¡t Bã­ Xanh,Haº¡t Ba­ Xanh,Háº¡t Bã­ Xanh,ha-t-ba-xanh,Háº¡t Bã­ Xanh,legumes,protein,true,,,,,,
hat-huong-duong,hat-huong-duong,60021,Háº¡t hÆ°á»›ng dÆ°Æ¡ng,Háº¡t hÆ°á»›ng dÆ°Æ¡ng,Haº¡t hÆ°a»›ng dÆ°Æ¡ng,Háº¡t hÆ°á»›ng dÆ°Æ¡ng,ha-t-h-a-ng-d-ng,Háº¡t hÆ°á»›ng dÆ°Æ¡ng,legumes,protein,true,,,,,,
me-trang,me-trang,60017,Háº¡t Mã¨ Tráº¯ng,Háº¡t Mã¨ Tráº¯ng,Haº¡t Ma¨ Traº¯ng,Háº¡t Mã¨ Tráº¯ng,ha-t-ma-tra-ng,Háº¡t Mã¨ Tráº¯ng,legumes,protein,true,,,,,,
me-den,me-den,60018,Háº¡t Mã¨ Ä‘en,Háº¡t Mã¨ Ä‘en,Haº¡t Ma¨ A‘en,Háº¡t Mã¨ Ä‘en,ha-t-ma-a-en,Háº¡t Mã¨ Ä‘en,legumes,protein,true,,,,,,
hat-dieu,hat-dieu,60019,Háº¡t Ä‘iá»u,Háº¡t Ä‘iá»u,Haº¡t A‘ia»u,Háº¡t Ä‘iá»u,ha-t-a-ia-u,Háº¡t Ä‘iá»u,legumes,protein,true,,,,,,
hu-tieu,hu-tieu,11017,Há»§ Tiáº¿u,Há»§ Tiáº¿u,Ha»§ Tiaº¿u,Há»§ Tiáº¿u,ha-tia-u,Há»§ Tiáº¿u,rice-noodles,carb,true,,,,,,
hu-tieu-nam-vang,hu-tieu-nam-vang,11017,Há»§ Tiáº¿u Nam Vang,Há»§ Tiáº¿u Nam Vang,Ha»§ Tiaº¿u Nam Vang,Há»§ Tiáº¿u Nam Vang,ha-tia-u-nam-vang,Há»§ Tiáº¿u Nam Vang,soups,mixed,true,,,,,,
hanh-la,hanh-la,40049,HÃ Nh Lã¡,HÃ Nh Lã¡,HA Nh La¡,HÃ Nh Lã¡,ha-nh-la,HÃ Nh Lã¡,vegetables,vegetable,true,,,,,,
hanh-tay,hanh-tay,40057,HÃ Nh Tã¢y,HÃ Nh Tã¢y,HA Nh Ta¢y,HÃ Nh Tã¢y,ha-nh-ta-y,HÃ Nh Tã¢y,vegetables,vegetable,true,,,,,,
hau,hau,50004,HÃ U,HÃ U,HA U,HÃ U,ha-u,HÃ U,seafood,protein,true,,,,,,
hung-que,hung-que,40051,Hãºng Quáº¿,Hãºng Quáº¿,Haºng Quaº¿,Hãºng Quáº¿,ha-ng-qua,Hãºng Quáº¿,vegetables,vegetable,true,,,,,,
jambon-meat32,jambon-meat32,,Jambon (Giäƒm Bã´ng),Jambon (Giäƒm Bã´ng),Jambon (Giaƒm Ba´ng),Jambon (Giäƒm Bã´ng),jambon-gia-m-ba-ng,Jambon (Giäƒm Bã´ng),meat,protein,true,,,,,,
kem,kem,12003,Kem,Kem,Kem,Kem,kem,Kem,desserts,snack,true,,,,,,
khoai-lang,khoai-lang,10007,Khoai Lang,Khoai Lang,Khoai Lang,Khoai Lang,khoai-lang,Khoai Lang,vegetables,vegetable,true,khoai-lang-veg29:Khoai Lang,,,,,
khoai-lang-tim,khoai-lang-tim,,Khoai Lang Tã­m,Khoai Lang Tã­m,Khoai Lang Ta­m,Khoai Lang Tã­m,khoai-lang-ta-m,Khoai Lang Tã­m,vegetables,vegetable,true,,,,,,
khoai-mo,khoai-mo,40019,Khoai Má»¡,Khoai Má»¡,Khoai Ma»¡,Khoai Má»¡,khoai-ma,Khoai Má»¡,vegetables,vegetable,true,,,,,,
khoai-mi,khoai-mi,,Khoai Mã¬ (Sáº¯n),Khoai Mã¬ (Sáº¯n),Khoai Ma¬ (Saº¯n),Khoai Mã¬ (Sáº¯n),khoai-ma-sa-n,Khoai Mã¬ (Sáº¯n),vegetables,vegetable,true,,,,,,
khoai-mon,khoai-mon,40019,Khoai Mã´n,Khoai Mã´n,Khoai Ma´n,Khoai Mã´n,khoai-ma-n,Khoai Mã´n,vegetables,vegetable,true,,,,,,
khoai-so,khoai-so,,Khoai Sá»,Khoai Sá»,Khoai Sa»,Khoai Sá»,khoai-sa,Khoai Sá»,vegetables,vegetable,true,,,,,,
khoai-tay,khoai-tay,40006,Khoai Tã¢y,Khoai Tã¢y,Khoai Ta¢y,Khoai Tã¢y,khoai-ta-y,Khoai Tã¢y,vegetables,vegetable,true,khoai-tay-veg50:Khoai Tã¢y,,,,,
khoai-tay-chien,khoai-tay-chien,10011,Khoai Tã¢y Chiãªn,Khoai Tã¢y Chiãªn,Khoai Ta¢y Chiaªn,Khoai Tã¢y Chiãªn,khoai-ta-y-chia-n,Khoai Tã¢y Chiãªn,snacks,snack,true,,,,,,
kho-qua,kho-qua,11004,Khá»• Qua,Khá»• Qua,Kha»• Qua,Khá»• Qua,kha-qua,Khá»• Qua,vegetables,vegetable,true,,,,,,
kho-qua-rung,kho-qua-rung,,Khá»• Qua Rá»«ng,Khá»• Qua Rá»«ng,Kha»• Qua Ra»«ng,Khá»• Qua Rá»«ng,kha-qua-ra-ng,Khá»• Qua Rá»«ng,vegetables,vegetable,true,,,,,,
lac,lac,60005,Láº¡c (Äáº­u Phá»™ng),Láº¡c (Äáº­u Phá»™ng),Laº¡c (Aaº­u Pha»™ng),Láº¡c (Äáº­u Phá»™ng),la-c-a-a-u-pha-ng,Láº¡c (Äáº­u Phá»™ng),legumes,protein,true,,,,,,
lau-mam,lau-mam,11043,Láº©u Máº¯m,Láº©u Máº¯m,Laº©u Maº¯m,Láº©u Máº¯m,la-u-ma-m,Láº©u Máº¯m,soups,mixed,true,,,,,,
le,le,10001,Lãª,Lãª,Laª,Lãª,la,Lãª,fruits,fruit,true,le-fr24:Lãª,,,,,
le-viet,le-viet,50038,Lãª Viá»‡t Nam,Lãª Viá»‡t Nam,Laª Via»‡t Nam,Lãª Viá»‡t Nam,la-via-t-nam,Lãª Viá»‡t Nam,fruits,fruit,true,,,,,,
gan-de,gan-de,20081,LÃ²ng Dãª (Ná»™i Táº¡ng),LÃ²ng Dãª (Ná»™i Táº¡ng),LA²ng Daª (Na»™i Taº¡ng),LÃ²ng Dãª (Ná»™i Táº¡ng),la-ng-da-na-i-ta-ng,LÃ²ng Dãª (Ná»™i Táº¡ng),meat,protein,true,,,,,,
long-ga,long-ga,20103,LÃ²ng Gã (Ná»™i Táº¡ng),LÃ²ng Gã (Ná»™i Táº¡ng),LA²ng Ga (Na»™i Taº¡ng),LÃ²ng Gã (Ná»™i Táº¡ng),la-ng-ga-na-i-ta-ng,LÃ²ng Gã (Ná»™i Táº¡ng),meat,protein,true,,,,,,
long-heo,long-heo,20121,LÃ²ng Heo (Ruá»™t Non),LÃ²ng Heo (Ruá»™t Non),LA²ng Heo (Rua»™t Non),LÃ²ng Heo (Ruá»™t Non),la-ng-heo-rua-t-non,LÃ²ng Heo (Ruá»™t Non),meat,protein,true,,,,,,
long-lon,long-lon,,LÃ²ng Lá»£n,LÃ²ng Lá»£n,LA²ng La»£n,LÃ²ng Lá»£n,la-ng-la-n,LÃ²ng Lá»£n,meat,protein,true,,,,,,
long-trau,long-trau,20075,LÃ²ng Trã¢u (Ná»™i Táº¡ng),LÃ²ng Trã¢u (Ná»™i Táº¡ng),LA²ng Tra¢u (Na»™i Taº¡ng),LÃ²ng Trã¢u (Ná»™i,la-ng-tra-u-na-i-ta-ng,LÃ²ng Trã¢u (Ná»™i Táº¡ng),meat,protein,true,,,,,,
long-vit,long-vit,20115,LÃ²ng Vá»‹t (Ná»™i Táº¡ng),LÃ²ng Vá»‹t (Ná»™i Táº¡ng),LA²ng Va»‹t (Na»™i Taº¡ng),LÃ²ng Vá»‹t (Ná»™i,la-ng-va-t-na-i-ta-ng,LÃ²ng Vá»‹t (Ná»™i Táº¡ng),meat,protein,true,,,,,,
me-chin,me-chin,50033,Me Chã­n,Me Chã­n,Me Cha­n,Me Chã­n,me-cha-n,Me Chã­n,fruits,fruit,true,,,,,,
me-xanh,me-xanh,,Me Xanh,Me Xanh,Me Xanh,Me Xanh,me-xanh,Me Xanh,fruits,fruit,true,,,,,,
mien,mien,10006,Miáº¿n,Miáº¿n,Miaº¿n,Miáº¿n,mia-n,Miáº¿n,rice-noodles,carb,true,,,,,,
muoi-an,muoi-an,70003,Muá»‘i Äƒn,Muá»‘i Äƒn,Mua»‘i Aƒn,Muá»‘i Äƒn,mua-i-a-n,Muá»‘i Äƒn,condiments,mixed,true,,,,,,
man-roi,man-roi,,Máº­n (Roi),Máº­n (Roi),Maº­n (Roi),Máº­n (Roi),ma-n-roi,Máº­n (Roi),fruits,fruit,true,,,,,,
man-bac,man-bac,50036,Máº­n Báº¯c,Máº­n Báº¯c,Maº­n Baº¯c,Máº­n Báº¯c,ma-n-ba-c,Máº­n Báº¯c,fruits,fruit,true,,,,,,
mat-ong,mat-ong,,Máº­t Ong,Máº­t Ong,Maº­t Ong,Máº­t Ong,ma-t-ong,Máº­t Ong,condiments,mixed,true,,,,,,
mam-nem,mam-nem,70012,Máº¯m Nãªm,Máº¯m Nãªm,Maº¯m Naªm,Máº¯m Nãªm,ma-m-na-m,Máº¯m Nãªm,condiments,mixed,true,,,,,,
mam-tom,mam-tom,70013,Máº¯m Tã´m,Máº¯m Tã´m,Maº¯m Ta´m,Máº¯m Tã´m,ma-m-ta-m,Máº¯m Tã´m,condiments,mixed,true,,,,,,
me-ga,me-ga,20105,Má» Gã,Má» Gã,Ma» Ga,Má» Gã,ma-ga,Má» Gã,meat,protein,true,,,,,,
me-vit,me-vit,20117,Má» Vá»‹t,Má» Vá»‹t,Ma» Va»‹t,Má» Vá»‹t,ma-va-t,Má» Vá»‹t,meat,protein,true,,,,,,
mo-heo-thang,mo-heo-thang,70011,Má»¡ Heo Tháº¯ng,Má»¡ Heo Tháº¯ng,Ma»¡ Heo Thaº¯ng,Má»¡ Heo Tháº¯ng,ma-heo-tha-ng,Má»¡ Heo Tháº¯ng,condiments,mixed,true,,,,,,
muc,muc,30007,Má»±c,Má»±c,Ma»±c,Má»±c,ma-c,Má»±c,seafood,protein,true,,,,,,
muc-kho,muc-kho,30046,Má»±c Khã´,Má»±c Khã´,Ma»±c Kha´,Má»±c Khã´,ma-c-kha,Má»±c Khã´,seafood,protein,true,,,,,,
muc-nang,muc-nang,30034,Má»±c Nang,Má»±c Nang,Ma»±c Nang,Má»±c Nang,ma-c-nang,Má»±c Nang,seafood,protein,true,,,,,,
muc-ong,muc-ong,30033,Má»±c Á»‘ng,Má»±c Á»‘ng,Ma»±c A»‘ng,Má»±c Á»‘ng,ma-c-a-ng,Má»±c Á»‘ng,seafood,protein,true,,,,,,
ma-ca-ngu,ma-ca-ngu,30056,MÃ¡ Cã¡ Ngá»«,MÃ¡ Cã¡ Ngá»«,MA¡ Ca¡ Nga»«,MÃ¡ Cã¡ Ngá»«,ma-ca-nga,MÃ¡ Cã¡ Ngá»«,seafood,protein,true,,,,,,
mam-xoi,mam-xoi,50015,Mã¢m Xã´i,Mã¢m Xã´i,Ma¢m Xa´i,Mã¢m Xã´i,ma-m-xa-i,Mã¢m Xã´i,fruits,fruit,true,,,,,,
mi-goi,mi-goi,10031,MÃ¬ gÃ³i (Mã¬ Äƒn Liá»n),MÃ¬ gÃ³i (Mã¬ Äƒn Liá»n),MA¬ gA³i (Ma¬ Aƒn Lia»n),MÃ¬ gÃ³i (Mã¬ Äƒn,ma-ga-i-ma-a-n-lia-n,MÃ¬ gÃ³i (Mã¬ Äƒn Liá»n),snacks,snack,true,,,,,,
mi-quang,mi-quang,11040,MÃ¬ Quáº£ng,MÃ¬ Quáº£ng,MA¬ Quaº£ng,MÃ¬ Quáº£ng,ma-qua-ng,MÃ¬ Quáº£ng,soups,mixed,true,mi-quang-viet17:MÃ¬ Quáº£ng,,,,,
mi-tom,mi-tom,,MÃ¬ Tã´m,MÃ¬ Tã´m,MA¬ Ta´m,MÃ¬ Tã´m,ma-ta-m,MÃ¬ Tã´m,rice-noodles,carb,true,,,,,,
mi-xao-bo,mi-xao-bo,10040,MÃ¬ Xã O bÃ²,MÃ¬ Xã O bÃ²,MA¬ Xa O bA²,MÃ¬ Xã O bÃ²,ma-xa-o-ba,MÃ¬ Xã O bÃ²,rice-noodles,carb,true,,,,,,
mit,mit,50011,Mã­t,Mã­t,Ma­t,Mã­t,ma-t,Mã­t,fruits,fruit,true,,,,,,
mit-chin,mit-chin,50027,Mã­t Chã­n,Mã­t Chã­n,Ma­t Cha­n,Mã­t Chã­n,ma-t-cha-n,Mã­t Chã­n,fruits,fruit,true,,,,,,
mang-cut,mang-cut,50013,Mäƒng Cá»¥t,Mäƒng Cá»¥t,Maƒng Ca»¥t,Mäƒng Cá»¥t,ma-ng-ca-t,Mäƒng Cá»¥t,fruits,fruit,true,mang-cut-fr33:Mäƒng Cá»¥t|mang-cut-updated:Mäƒng Cá»¥t,,,,,
mang-tuoi,mang-tuoi,40029,Mäƒng tÆ°Æ¡i,Mäƒng tÆ°Æ¡i,Maƒng tÆ°Æ¡i,Mäƒng tÆ°Æ¡i,ma-ng-t-i,Mäƒng tÆ°Æ¡i,vegetables,vegetable,true,,,,,,
muop-huong,muop-huong,,MÆ°á»›p hÆ°Æ¡ng,MÆ°á»›p hÆ°Æ¡ng,MÆ°a»›p hÆ°Æ¡ng,MÆ°á»›p hÆ°Æ¡ng,m-a-p-h-ng,MÆ°á»›p hÆ°Æ¡ng,vegetables,vegetable,true,,,,,,
muop-khia,muop-khia,,MÆ°á»›p Khã­a,MÆ°á»›p Khã­a,MÆ°a»›p Kha­a,MÆ°á»›p Khã­a,m-a-p-kha-a,MÆ°á»›p Khã­a,vegetables,vegetable,true,,,,,,
nem-chua-meat27,nem-chua-meat27,,Nem Chua,Nem Chua,Nem Chua,Nem Chua,nem-chua,Nem Chua,meat,protein,true,,,,,,
nem-nuong-updated,nem-nuong-updated,10020,Nem nÆ°á»›ng,Nem nÆ°á»›ng,Nem nÆ°a»›ng,Nem nÆ°á»›ng,nem-n-a-ng,Nem nÆ°á»›ng,snacks,snack,true,nem-nuong:Nem nÆ°á»›ng,,,,,
nem-ran-viet12,nem-ran-viet12,,Nem Rã¡n (Cháº£ giÃ²),Nem Rã¡n (Cháº£ giÃ²),Nem Ra¡n (Chaº£ giA²),Nem Rã¡n (Cháº£ giÃ²),nem-ra-n-cha-gia,Nem Rã¡n (Cháº£ giÃ²),snacks,snack,true,,,,,,
nghe,nghe,30037,Nghá»‡ tÆ°Æ¡i,Nghá»‡ tÆ°Æ¡i,Ngha»‡ tÆ°Æ¡i,Nghá»‡ tÆ°Æ¡i,ngha-t-i,Nghá»‡ tÆ°Æ¡i,vegetables,vegetable,true,,,,,,
ngheu,ngheu,30037,Nghãªu (Ngao),Nghãªu (Ngao),Nghaªu (Ngao),Nghãªu (Ngao),ngha-u-ngao,Nghãªu (Ngao),seafood,protein,true,ngheu-so:Nghãªu (Ngao),,,,,
ngu-coc,ngu-coc,10008,Ngã´ (Báº¯p),Ngã´ (Báº¯p),Nga´ (Baº¯p),Ngã´ (Báº¯p),nga-ba-p,Ngã´ (Báº¯p),snacks,snack,true,,,,,,
nho,nho,50008,Nho,Nho,Nho,Nho,nho,Nho,fruits,fruit,true,,,,,,
nhan,nhan,50029,Nhã£n,Nhã£n,Nha£n,Nhã£n,nha-n,Nhã£n,fruits,fruit,true,nhan-fr35:Nhã£n,,,,,
thit-lung-ca-ngu,thit-lung-ca-ngu,30055,Náº¡c lÆ°ng Cã¡ Ngá»«,Náº¡c lÆ°ng Cã¡ Ngá»«,Naº¡c lÆ°ng Ca¡ Nga»«,Náº¡c lÆ°ng Cã¡ Ngá»«,na-c-l-ng-ca-nga,Náº¡c lÆ°ng Cã¡ Ngá»«,seafood,protein,true,,,,,,
thit-be-nam,thit-be-nam,20086,Náº¡m Bãª,Náº¡m Bãª,Naº¡m Baª,Náº¡m Bãª,na-m-ba,Náº¡m Bãª,meat,protein,true,,,,,,
nam-bao-ngu,nam-bao-ngu,40031,Náº¥m Bã O Ngæ°,Náº¥m Bã O Ngæ°,Naº¥m Ba O Ngæ°,Náº¥m Bã O Ngæ°,na-m-ba-o-ng,Náº¥m Bã O Ngæ°,vegetables,vegetable,true,,,,,,
nam-kho-tieu-chay,nam-kho-tieu-chay,11055,Náº¥m Kho Tiãªu Chay,Náº¥m Kho Tiãªu Chay,Naº¥m Kho Tiaªu Chay,Náº¥m Kho Tiãªu Chay,na-m-kho-tia-u-chay,Náº¥m Kho Tiãªu Chay,soups,mixed,true,,,,,,
nam-kim-cham,nam-kim-cham,40032,Náº¥m Kim Chã¢m,Náº¥m Kim Chã¢m,Naº¥m Kim Cha¢m,Náº¥m Kim Chã¢m,na-m-kim-cha-m,Náº¥m Kim Chã¢m,vegetables,vegetable,true,,,,,,
nam-rom,nam-rom,40030,Náº¥m Ræ¡m,Náº¥m Ræ¡m,Naº¥m Ræ¡m,Náº¥m Ræ¡m,na-m-r-m,Náº¥m Ræ¡m,vegetables,vegetable,true,,,,,,
nuoc-cam,nuoc-cam,90002,NÆ°á»›c Cam,NÆ°á»›c Cam,NÆ°a»›c Cam,NÆ°á»›c Cam,n-a-c-cam,NÆ°á»›c Cam,beverages,beverage,true,,,,,,
nuoc-chanh,nuoc-chanh,90004,NÆ°á»›c Chanh,NÆ°á»›c Chanh,NÆ°a»›c Chanh,NÆ°á»›c Chanh,n-a-c-chanh,NÆ°á»›c Chanh,beverages,beverage,true,,,,,,
nuoc-dua,nuoc-dua,90001,NÆ°á»›c Dá»«a tÆ°Æ¡i,NÆ°á»›c Dá»«a tÆ°Æ¡i,NÆ°a»›c Da»«a tÆ°Æ¡i,NÆ°á»›c Dá»«a tÆ°Æ¡i,n-a-c-da-a-t-i,NÆ°á»›c Dá»«a tÆ°Æ¡i,beverages,beverage,true,,,,,,
nuoc-mam,nuoc-mam,70001,NÆ°á»›c Máº¯m,NÆ°á»›c Máº¯m,NÆ°a»›c Maº¯m,NÆ°á»›c Máº¯m,n-a-c-ma-m,NÆ°á»›c Máº¯m,condiments,mixed,true,,,,,,
nuoc-mam-pha,nuoc-mam-pha,70009,NÆ°á»›c Máº¯m Pha,NÆ°á»›c Máº¯m Pha,NÆ°a»›c Maº¯m Pha,NÆ°á»›c Máº¯m Pha,n-a-c-ma-m-pha,NÆ°á»›c Máº¯m Pha,condiments,mixed,true,,,,,,
nuoc-mia,nuoc-mia,90012,NÆ°á»›c Mã­a,NÆ°á»›c Mã­a,NÆ°a»›c Ma­a,NÆ°á»›c Mã­a,n-a-c-ma-a,NÆ°á»›c Mã­a,beverages,beverage,true,,,,,,
nuoc-tuong,nuoc-tuong,,NÆ°á»›c tÆ°Æ¡ng,NÆ°á»›c tÆ°Æ¡ng,NÆ°a»›c tÆ°Æ¡ng,NÆ°á»›c tÆ°Æ¡ng,n-a-c-t-ng,NÆ°á»›c tÆ°Æ¡ng,condiments,mixed,true,,,,,,
nuoc-dau-xanh,nuoc-dau-xanh,90008,NÆ°á»›c Ä‘áº­u Xanh,NÆ°á»›c Ä‘áº­u Xanh,NÆ°a»›c A‘aº­u Xanh,NÆ°á»›c Ä‘áº­u Xanh,n-a-c-a-a-u-xanh,NÆ°á»›c Ä‘áº­u Xanh,beverages,beverage,true,,,,,,
pho-bo,pho-bo,11016,Phá»ÿ bÃ²,Phá»ÿ bÃ²,Pha»y bA²,Phá»ÿ bÃ²,pha-y-ba,Phá»ÿ bÃ²,rice-noodles,carb,true,pho-bo-viet01:Phá»ÿ bÃ²,,,,,
pho-chay,pho-chay,11049,Phá»ÿ Chay,Phá»ÿ Chay,Pha»y Chay,Phá»ÿ Chay,pha-y-chay,Phá»ÿ Chay,soups,mixed,true,,,,,,
pho-ga,pho-ga,11015,Phá»ÿ Gã,Phá»ÿ Gã,Pha»y Ga,Phá»ÿ Gã,pha-y-ga,Phá»ÿ Gã,soups,mixed,true,pho-ga-viet02:Phá»ÿ Gã,,,,,
pho-mai,pho-mai,80004,Phã´ Mai,Phã´ Mai,Pha´ Mai,Phã´ Mai,pha-mai,Phã´ Mai,dairy,protein,true,,,,,,
pho-mai-it-beo,pho-mai-it-beo,,Phã´ Mai tÆ°Æ¡i Ã­t Bã©o,Phã´ Mai tÆ°Æ¡i Ã­t Bã©o,Pha´ Mai tÆ°Æ¡i A­t Ba©o,Phã´ Mai tÆ°Æ¡i Ã­t Bã©o,pha-mai-t-i-a-t-ba-o,Phã´ Mai tÆ°Æ¡i Ã­t Bã©o,dairy,protein,true,,,,,,
quyt,quyt,50019,Quã½t,Quã½t,Qua½t,Quã½t,qua-t,Quã½t,fruits,fruit,true,quyt-fr30:Quã½t,,,,,
bo-ngot-rung,bo-ngot-rung,,Rau Bá»“ ngÃ³t (ngÃ³t Rá»«ng),Rau Bá»“ ngÃ³t (ngÃ³t Rá»«ng),Rau Ba»“ ngA³t (ngA³t Ra»«ng),Rau Bá»“ ngÃ³t (ngÃ³t,rau-ba-nga-t-nga-t-ra-ng,Rau Bá»“ ngÃ³t (ngÃ³t Rá»«ng),vegetables,vegetable,true,,,,,,
rau-cai,rau-cai,40008,Rau Cáº£i,Rau Cáº£i,Rau Caº£i,Rau Cáº£i,rau-ca-i,Rau Cáº£i,vegetables,vegetable,true,,,,,,
cai-be-xanh,cai-be-xanh,,Rau Cáº£i báº¹ Xanh,Rau Cáº£i báº¹ Xanh,Rau Caº£i baº¹ Xanh,Rau Cáº£i báº¹ Xanh,rau-ca-i-ba-xanh,Rau Cáº£i báº¹ Xanh,vegetables,vegetable,true,,,,,,
rau-cai-cuc,rau-cai-cuc,40018,Rau Cáº£i Cãºc,Rau Cáº£i Cãºc,Rau Caº£i Caºc,Rau Cáº£i Cãºc,rau-ca-i-ca-c,Rau Cáº£i Cãºc,vegetables,vegetable,true,,,,,,
rau-cai-luoc,rau-cai-luoc,40048,Rau Cáº£i Luá»™c,Rau Cáº£i Luá»™c,Rau Caº£i Lua»™c,Rau Cáº£i Luá»™c,rau-ca-i-lua-c,Rau Cáº£i Luá»™c,vegetables,vegetable,true,,,,,,
cai-ngot-veg64,cai-ngot-veg64,,Rau Cáº£i Ngá»t,Rau Cáº£i Ngá»t,Rau Caº£i Nga»t,Rau Cáº£i Ngá»t,rau-ca-i-nga-t,Rau Cáº£i Ngá»t,vegetables,vegetable,true,,,,,,
cai-thao-veg66,cai-thao-veg66,,Rau Cáº£i Tháº£o,Rau Cáº£i Tháº£o,Rau Caº£i Thaº£o,Rau Cáº£i Tháº£o,rau-ca-i-tha-o,Rau Cáº£i Tháº£o,vegetables,vegetable,true,,,,,,
rau-cai-thia,rau-cai-thia,40017,Rau Cáº£i Thã¬a,Rau Cáº£i Thã¬a,Rau Caº£i Tha¬a,Rau Cáº£i Thã¬a,rau-ca-i-tha-a,Rau Cáº£i Thã¬a,vegetables,vegetable,true,cai-thia-veg25:Rau Cáº£i Thã¬a,,,,,
cai-xanh-veg65,cai-xanh-veg65,,Rau Cáº£i Xanh,Rau Cáº£i Xanh,Rau Caº£i Xanh,Rau Cáº£i Xanh,rau-ca-i-xanh,Rau Cáº£i Xanh,vegetables,vegetable,true,,,,,,
cai-xoong,cai-xoong,,Rau Cáº£i Xoong,Rau Cáº£i Xoong,Rau Caº£i Xoong,Rau Cáº£i Xoong,rau-ca-i-xoong,Rau Cáº£i Xoong,vegetables,vegetable,true,,,,,,
rau-cu-xao-thap-cam,rau-cu-xao-thap-cam,11053,Rau Cá»§ Xã O Tháº­p Cáº©m,Rau Cá»§ Xã O Tháº­p Cáº©m,Rau Ca»§ Xa O Thaº­p Caº©m,Rau Cá»§ Xã O Tháº­p,rau-ca-xa-o-tha-p-ca-m,Rau Cá»§ Xã O Tháº­p Cáº©m,soups,mixed,true,,,,,,
rau-cang-cua,rau-cang-cua,,Rau Cã Ng Cua,Rau Cã Ng Cua,Rau Ca Ng Cua,Rau Cã Ng Cua,rau-ca-ng-cua,Rau Cã Ng Cua,vegetables,vegetable,true,,,,,,
rau-diep,rau-diep,40011,Rau Diáº¿p,Rau Diáº¿p,Rau Diaº¿p,Rau Diáº¿p,rau-dia-p,Rau Diáº¿p,vegetables,vegetable,true,,,,,,
diep-ca,diep-ca,,Rau Diáº¿p Cã¡,Rau Diáº¿p Cã¡,Rau Diaº¿p Ca¡,Rau Diáº¿p Cã¡,rau-dia-p-ca,Rau Diáº¿p Cã¡,vegetables,vegetable,true,,,,,,
rau-den,rau-den,40015,Rau Dá»n,Rau Dá»n,Rau Da»n,Rau Dá»n,rau-da-n,Rau Dá»n,vegetables,vegetable,true,rau-den-updated:Rau Dá»n|rau-den-veg16:Rau Dá»n,,,,,
rau-den-com-veg68,rau-den-com-veg68,,Rau Dá»n Cæ¡m,Rau Dá»n Cæ¡m,Rau Da»n Cæ¡m,Rau Dá»n Cæ¡m,rau-da-n-c-m,Rau Dá»n Cæ¡m,vegetables,vegetable,true,,,,,,
rau-den-gai-veg69,rau-den-gai-veg69,,Rau Dá»n Gai,Rau Dá»n Gai,Rau Da»n Gai,Rau Dá»n Gai,rau-da-n-gai,Rau Dá»n Gai,vegetables,vegetable,true,,,,,,
rau-don,rau-don,,Rau Dá»›n,Rau Dá»›n,Rau Da»›n,Rau Dá»›n,rau-da-n,Rau Dá»›n,vegetables,vegetable,true,,,,,,
rau-he,rau-he,,Rau háº¹,Rau háº¹,Rau haº¹,Rau háº¹,rau-ha,Rau háº¹,vegetables,vegetable,true,,,,,,
kinh-gioi-veg74,kinh-gioi-veg74,,Rau Kinh Giá»›i,Rau Kinh Giá»›i,Rau Kinh Gia»›i,Rau Kinh Giá»›i,rau-kinh-gia-i,Rau Kinh Giá»›i,vegetables,vegetable,true,,,,,,
rau-lang,rau-lang,40010,Rau Lang,Rau Lang,Rau Lang,Rau Lang,rau-lang,Rau Lang,vegetables,vegetable,true,,,,,,
rau-lang-veg70,rau-lang-veg70,,Rau Lang (Ngá»n Khoai Lang),Rau Lang (Ngá»n Khoai Lang),Rau Lang (Nga»n Khoai Lang),Rau Lang (Ngá»n Khoai,rau-lang-nga-n-khoai-lang,Rau Lang (Ngá»n Khoai Lang),vegetables,vegetable,true,,,,,,
rau-luoc-kho-quet,rau-luoc-kho-quet,11026,Rau Luá»™c Cháº¥m Kho quáº¹t,Rau Luá»™c Cháº¥m Kho quáº¹t,Rau Lua»™c Chaº¥m Kho quaº¹t,Rau Luá»™c Cháº¥m Kho,rau-lua-c-cha-m-kho-qua-t,Rau Luá»™c Cháº¥m Kho quáº¹t,soups,mixed,true,,,,,,
rau-muong,rau-muong,40001,Rau Muá»‘ng,Rau Muá»‘ng,Rau Mua»‘ng,Rau Muá»‘ng,rau-mua-ng,Rau Muá»‘ng,vegetables,vegetable,true,rau-muong-updated:Rau Muá»‘ng|rau-muong-veg63:Rau Muá»‘ng,,,,,
rau-muong-xao-toi,rau-muong-xao-toi,40047,Rau Muá»‘ng Xã O Tá»i,Rau Muá»‘ng Xã O Tá»i,Rau Mua»‘ng Xa O Ta»i,Rau Muá»‘ng Xã O Tá»i,rau-mua-ng-xa-o-ta-i,Rau Muá»‘ng Xã O Tá»i,vegetables,vegetable,true,,,,,,
mong-toi,mong-toi,40037,Rau Má»“ng Tæ¡i,Rau Má»“ng Tæ¡i,Rau Ma»“ng Tæ¡i,Rau Má»“ng Tæ¡i,rau-ma-ng-t-i,Rau Má»“ng Tæ¡i,vegetables,vegetable,true,mong-toi-veg67:Rau Má»“ng Tæ¡i|rau-mong-toi:Rau Má»“ng Tæ¡i,,,,,
rau-ma,rau-ma,40016,Rau Mã¡,Rau Mã¡,Rau Ma¡,Rau Mã¡,rau-ma,Rau Mã¡,vegetables,vegetable,true,,,,,,
rau-mui,rau-mui,40050,Rau mÃ¹i (ngÃ²),Rau mÃ¹i (ngÃ²),Rau mA¹i (ngA²),Rau mÃ¹i (ngÃ²),rau-ma-i-nga,Rau mÃ¹i (ngÃ²),vegetables,vegetable,true,,,,,,
rau-ngot,rau-ngot,11011,Rau ngÃ³t,Rau ngÃ³t,Rau ngA³t,Rau ngÃ³t,rau-nga-t,Rau ngÃ³t,vegetables,vegetable,true,rau-ngo:Rau ngÃ³t|rau-ngot-updated:Rau ngÃ³t,,,,,
rau-ram,rau-ram,40052,Rau Räƒm,Rau Räƒm,Rau Raƒm,Rau Räƒm,rau-ra-m,Rau Räƒm,vegetables,vegetable,true,,,,,,
rau-sam,rau-sam,,Rau Sam,Rau Sam,Rau Sam,Rau Sam,rau-sam,Rau Sam,vegetables,vegetable,true,,,,,,
thi-la-veg73,thi-la-veg73,,Rau Thã¬ Lã,Rau Thã¬ Lã,Rau Tha¬ La,Rau Thã¬ Lã,rau-tha-la,Rau Thã¬ Lã,vegetables,vegetable,true,,,,,,
tan-o,tan-o,,Rau Táº§n Ã´,Rau Táº§n Ã´,Rau Taº§n A´,Rau Táº§n Ã´,rau-ta-n-a,Rau Táº§n Ã´,vegetables,vegetable,true,,,,,,
tan-o-veg71,tan-o-veg71,,Rau Táº§n Ã´ (Cáº£i Cãºc),Rau Táº§n Ã´ (Cáº£i Cãºc),Rau Taº§n A´ (Caº£i Caºc),Rau Táº§n Ã´ (Cáº£i,rau-ta-n-a-ca-i-ca-c,Rau Táº§n Ã´ (Cáº£i Cãºc),vegetables,vegetable,true,,,,,,
xa-lach,xa-lach,40041,Rau Xã Lã¡ch,Rau Xã Lã¡ch,Rau Xa La¡ch,Rau Xã Lã¡ch,rau-xa-la-ch,Rau Xã Lã¡ch,vegetables,vegetable,true,,,,,,
xa-lach-xoan-veg72,xa-lach-xoan-veg72,,Rau Xã Lã¡ch Xoäƒn,Rau Xã Lã¡ch Xoäƒn,Rau Xa La¡ch Xoaƒn,Rau Xã Lã¡ch Xoäƒn,rau-xa-la-ch-xoa-n,Rau Xã Lã¡ch Xoäƒn,vegetables,vegetable,true,,,,,,
rau-day,rau-day,11039,Rau Ä‘ay,Rau Ä‘ay,Rau A‘ay,Rau Ä‘ay,rau-a-ay,Rau Ä‘ay,vegetables,vegetable,true,,,,,,
roi,roi,50037,Roi (Máº­n Miá»n Nam),Roi (Máº­n Miá»n Nam),Roi (Maº­n Mia»n Nam),Roi (Máº­n Miá»n Nam),roi-ma-n-mia-n-nam,Roi (Máº­n Miá»n Nam),fruits,fruit,true,,,,,,
rong-bien-kho,rong-bien-kho,30052,Rong Biá»ƒn Khã´,Rong Biá»ƒn Khã´,Rong Bia»ƒn Kha´,Rong Biá»ƒn Khã´,rong-bia-n-kha,Rong Biá»ƒn Khã´,seafood,protein,true,,,,,,
ruoc-ca,ruoc-ca,30049,Ruá»‘c Cã¡,Ruá»‘c Cã¡,Rua»‘c Ca¡,Ruá»‘c Cã¡,rua-c-ca,Ruá»‘c Cã¡,seafood,protein,true,,,,,,
ruoc-thit,ruoc-thit,,Ruá»‘c Thá»‹t,Ruá»‘c Thá»‹t,Rua»‘c Tha»‹t,Ruá»‘c Thá»‹t,rua-c-tha-t,Ruá»‘c Thá»‹t,meat,protein,true,,,,,,
ruoc-tom,ruoc-tom,30048,Ruá»‘c Tã´m,Ruá»‘c Tã´m,Rua»‘c Ta´m,Ruá»‘c Tã´m,rua-c-ta-m,Ruá»‘c Tã´m,seafood,protein,true,,,,,,
ruou-gao-30,ruou-gao-30,90025,RÆ°á»£u Gáº¡o (30% ABV),RÆ°á»£u Gáº¡o (30% ABV),RÆ°a»£u Gaº¡o (30% ABV),RÆ°á»£u Gáº¡o (30% ABV),r-a-u-ga-o-30-abv,RÆ°á»£u Gáº¡o (30% ABV),beverages,beverage,true,,,,,,
ruou-vang-trang-12,ruou-vang-trang-12,90022,RÆ°á»£u Vang Tráº¯ng (12% ABV),RÆ°á»£u Vang Tráº¯ng (12% ABV),RÆ°a»£u Vang Traº¯ng (12% ABV),RÆ°á»£u Vang Tráº¯ng,r-a-u-vang-tra-ng-12-abv,RÆ°á»£u Vang Tráº¯ng (12% ABV),beverages,beverage,true,,,,,,
ruou-vang-do-13,ruou-vang-do-13,90021,RÆ°á»£u Vang Ä‘á» (13% ABV),RÆ°á»£u Vang Ä‘á» (13% ABV),RÆ°a»£u Vang A‘a» (13% ABV),RÆ°á»£u Vang Ä‘á» (13%,r-a-u-vang-a-a-13-abv,RÆ°á»£u Vang Ä‘á» (13% ABV),beverages,beverage,true,,,,,,
sinh-to-bo,sinh-to-bo,90016,Sinh Tá»‘ Bæ¡,Sinh Tá»‘ Bæ¡,Sinh Ta»‘ Bæ¡,Sinh Tá»‘ Bæ¡,sinh-ta-b,Sinh Tá»‘ Bæ¡,beverages,beverage,true,,,,,,
su-hao,su-hao,,Su Hã O,Su Hã O,Su Ha O,Su Hã O,su-ha-o,Su Hã O,vegetables,vegetable,true,,,,,,
su-su,su-su,40013,Su Su,Su Su,Su Su,Su Su,su-su,Su Su,vegetables,vegetable,true,su-su-updated:Su Su,,,,,
sung,sung,50039,Sung,Sung,Sung,Sung,sung,Sung,fruits,fruit,true,,,,,,
sa-cay,sa-cay,40055,Sáº£ Cã¢y,Sáº£ Cã¢y,Saº£ Ca¢y,Sáº£ Cã¢y,sa-ca-y,Sáº£ Cã¢y,vegetables,vegetable,true,,,,,,
sau,sau,50035,Sáº¥u,Sáº¥u,Saº¥u,Sáº¥u,sa-u,Sáº¥u,fruits,fruit,true,,,,,,
sau-rieng,sau-rieng,50012,Sáº§u Riãªng,Sáº§u Riãªng,Saº§u Riaªng,Sáº§u Riãªng,sa-u-ria-ng,Sáº§u Riãªng,fruits,fruit,true,sau-rieng-fr32:Sáº§u Riãªng,,,,,
san,san,50018,Sáº¯n (Cá»§ Mã¬),Sáº¯n (Cá»§ Mã¬),Saº¯n (Ca»§ Ma¬),Sáº¯n (Cá»§ Mã¬),sa-n-ca-ma,Sáº¯n (Cá»§ Mã¬),vegetables,vegetable,true,,,,,,
sua-bien,sua-bien,30051,Sá»©a Biá»ƒn,Sá»©a Biá»ƒn,Sa»©a Bia»ƒn,Sá»©a Biá»ƒn,sa-a-bia-n,Sá»©a Biá»ƒn,seafood,protein,true,,,,,,
sua-bap,sua-bap,90014,Sá»¯a Báº¯p,Sá»¯a Báº¯p,Sa»¯a Baº¯p,Sá»¯a Báº¯p,sa-a-ba-p,Sá»¯a Báº¯p,beverages,beverage,true,,,,,,
sua-bo-tuoi,sua-bo-tuoi,80001,Sá»¯a bÃ² tÆ°Æ¡i,Sá»¯a bÃ² tÆ°Æ¡i,Sa»¯a bA² tÆ°Æ¡i,Sá»¯a bÃ² tÆ°Æ¡i,sa-a-ba-t-i,Sá»¯a bÃ² tÆ°Æ¡i,dairy,protein,true,,,,,,
sua-chua,sua-chua,80002,Sá»¯a Chua,Sá»¯a Chua,Sa»¯a Chua,Sá»¯a Chua,sa-a-chua,Sá»¯a Chua,dairy,protein,true,,,,,,
sua-chua-khong-duong,sua-chua-khong-duong,,Sá»¯a Chua Khã´ng Ä‘Æ°á»ng,Sá»¯a Chua Khã´ng Ä‘Æ°á»ng,Sa»¯a Chua Kha´ng A‘Æ°a»ng,Sá»¯a Chua Khã´ng,sa-a-chua-kha-ng-a-a-ng,Sá»¯a Chua Khã´ng Ä‘Æ°á»ng,dairy,protein,true,,,,,,
sua-chua-nep-cam,sua-chua-nep-cam,12005,Sá»¯a Chua Náº¿p Cáº©m,Sá»¯a Chua Náº¿p Cáº©m,Sa»¯a Chua Naº¿p Caº©m,Sá»¯a Chua Náº¿p Cáº©m,sa-a-chua-na-p-ca-m,Sá»¯a Chua Náº¿p Cáº©m,desserts,snack,true,,,,,,
sua-chua-uop-lanh,sua-chua-uop-lanh,80008,Sá»¯a Chua Æ°á»›p Láº¡nh,Sá»¯a Chua Æ°á»›p Láº¡nh,Sa»¯a Chua Æ°a»›p Laº¡nh,Sá»¯a Chua Æ°á»›p Láº¡nh,sa-a-chua-a-p-la-nh,Sá»¯a Chua Æ°á»›p Láº¡nh,dairy,protein,true,,,,,,
sua-tach-beo,sua-tach-beo,,Sá»¯a Tã¡ch Bã©o,Sá»¯a Tã¡ch Bã©o,Sa»¯a Ta¡ch Ba©o,Sá»¯a Tã¡ch Bã©o,sa-a-ta-ch-ba-o,Sá»¯a Tã¡ch Bã©o,dairy,protein,true,,,,,,
sua-tuoi-tiet-trung,sua-tuoi-tiet-trung,80006,Sá»¯a tÆ°Æ¡i Tiá»‡t trÃ¹ng,Sá»¯a tÆ°Æ¡i Tiá»‡t trÃ¹ng,Sa»¯a tÆ°Æ¡i Tia»‡t trA¹ng,Sá»¯a tÆ°Æ¡i Tiá»‡t,sa-a-t-i-tia-t-tra-ng,Sá»¯a tÆ°Æ¡i Tiá»‡t trÃ¹ng,dairy,protein,true,,,,,,
sua-dau-nanh,sua-dau-nanh,80003,Sá»¯a Ä‘áº­u Nã Nh,Sá»¯a Ä‘áº­u Nã Nh,Sa»¯a A‘aº­u Na Nh,Sá»¯a Ä‘áº­u Nã Nh,sa-a-a-a-u-na-nh,Sá»¯a Ä‘áº­u Nã Nh,dairy,protein,true,,,,,,
sua-dau-nanh-it-duong,sua-dau-nanh-it-duong,,Sá»¯a Ä‘áº­u Nã Nh Ã­t Ä‘Æ°á»ng,Sá»¯a Ä‘áº­u Nã Nh Ã­t Ä‘Æ°á»ng,Sa»¯a A‘aº­u Na Nh A­t A‘Æ°a»ng,Sá»¯a Ä‘áº­u Nã Nh Ã­t,sa-a-a-a-u-na-nh-a-t-a-a-ng,Sá»¯a Ä‘áº­u Nã Nh Ã­t Ä‘Æ°á»ng,beverages,beverage,true,,,,,,
sua-dac,sua-dac,80007,Sá»¯a Ä‘áº·c,Sá»¯a Ä‘áº·c,Sa»¯a A‘aº·c,Sá»¯a Ä‘áº·c,sa-a-a-a-c,Sá»¯a Ä‘áº·c,dairy,protein,true,,,,,,
sam-bo-luong,sam-bo-luong,90015,Sã¢m Bá»• lÆ°á»£ng,Sã¢m Bá»• lÆ°á»£ng,Sa¢m Ba»• lÆ°a»£ng,Sã¢m Bá»• lÆ°á»£ng,sa-m-ba-l-a-ng,Sã¢m Bá»• lÆ°á»£ng,beverages,beverage,true,,,,,,
so-huyet,so-huyet,30036,SÃ² Huyáº¿t,SÃ² Huyáº¿t,SA² Huyaº¿t,SÃ² Huyáº¿t,sa-huya-t,SÃ² Huyáº¿t,seafood,protein,true,,,,,,
so-diep,so-diep,30039,SÃ² Ä‘iá»‡p,SÃ² Ä‘iá»‡p,SA² A‘ia»‡p,SÃ² Ä‘iá»‡p,sa-a-ia-p,SÃ² Ä‘iá»‡p,seafood,protein,true,,,,,,
sup-lo,sup-lo,,Sãºp Læ¡,Sãºp Læ¡,Saºp Læ¡,Sãºp Læ¡,sa-p-l,Sãºp Læ¡,vegetables,vegetable,true,,,,,,
suon-be,suon-be,20088,SÆ°á»n Bãª,SÆ°á»n Bãª,SÆ°a»n Baª,SÆ°á»n Bãª,s-a-n-ba,SÆ°á»n Bãª,meat,protein,true,,,,,,
suon-de,suon-de,20079,SÆ°á»n Dãª,SÆ°á»n Dãª,SÆ°a»n Daª,SÆ°á»n Dãª,s-a-n-da,SÆ°á»n Dãª,meat,protein,true,,,,,,
suon-heo-non,suon-heo-non,20026,SÆ°á»n Heo Non,SÆ°á»n Heo Non,SÆ°a»n Heo Non,SÆ°á»n Heo Non,s-a-n-heo-non,SÆ°á»n Heo Non,meat,protein,true,,,,,,
suon-non,suon-non,,SÆ°á»n Non,SÆ°á»n Non,SÆ°a»n Non,SÆ°á»n Non,s-a-n-non,SÆ°á»n Non,meat,protein,true,,,,,,
suon-trau,suon-trau,20072,SÆ°á»n Trã¢u,SÆ°á»n Trã¢u,SÆ°a»n Tra¢u,SÆ°á»n Trã¢u,s-a-n-tra-u,SÆ°á»n Trã¢u,meat,protein,true,,,,,,
tai-heo,tai-heo,20027,Tai Heo,Tai Heo,Tai Heo,Tai Heo,tai-heo,Tai Heo,meat,protein,true,,,,,,
thanh-long,thanh-long,50009,Thanh Long,Thanh Long,Thanh Long,Thanh Long,thanh-long,Thanh Long,fruits,fruit,true,thanh-long-fr21:Thanh Long|thanh-long-updated:Thanh Long,,,,,
than-lon,than-lon,,Tháº­n Lá»£n,Tháº­n Lá»£n,Thaº­n La»£n,Tháº­n Lá»£n,tha-n-la-n,Tháº­n Lá»£n,meat,protein,true,,,,,,
thit-ba-chi,thit-ba-chi,20014,Thá»‹t Ba Chá»‰,Thá»‹t Ba Chá»‰,Tha»‹t Ba Cha»‰,Thá»‹t Ba Chá»‰,tha-t-ba-cha,Thá»‹t Ba Chá»‰,meat,protein,true,,,,,,
thit-ba-chi-heo,thit-ba-chi-heo,20014,Thá»‹t Ba Chá»‰ Heo,Thá»‹t Ba Chá»‰ Heo,Tha»‹t Ba Cha»‰ Heo,Thá»‹t Ba Chá»‰ Heo,tha-t-ba-cha-heo,Thá»‹t Ba Chá»‰ Heo,meat,protein,true,,,,,,
thit-be-bung,thit-be-bung,20090,Thá»‹t Bá»¥ng Bãª,Thá»‹t Bá»¥ng Bãª,Tha»‹t Ba»¥ng Baª,Thá»‹t Bá»¥ng Bãª,tha-t-ba-ng-ba,Thá»‹t Bá»¥ng Bãª,meat,protein,true,,,,,,
thit-bo-cau,thit-bo-cau,20030,Thá»‹t Bá»“ Cã¢u,Thá»‹t Bá»“ Cã¢u,Tha»‹t Ba»“ Ca¢u,Thá»‹t Bá»“ Cã¢u,tha-t-ba-ca-u,Thá»‹t Bá»“ Cã¢u,meat,protein,true,,,,,,
thit-be,thit-be,20028,Thá»‹t Bãª,Thá»‹t Bãª,Tha»‹t Baª,Thá»‹t Bãª,tha-t-ba,Thá»‹t Bãª,meat,protein,true,,,,,,
thit-be-non,thit-be-non,20062,Thá»‹t Bãª Non,Thá»‹t Bãª Non,Tha»‹t Baª Non,Thá»‹t Bãª Non,tha-t-ba-non,Thá»‹t Bãª Non,meat,protein,true,,,,,,
thit-bo,thit-bo,20003,Thá»‹t bÃ²,Thá»‹t bÃ²,Tha»‹t bA²,Thá»‹t bÃ²,tha-t-ba,Thá»‹t bÃ²,meat,protein,true,,,,,,
thit-bo-bap,thit-bo-bap,20040,Thá»‹t bÃ² Báº¯p,Thá»‹t bÃ² Báº¯p,Tha»‹t bA² Baº¯p,Thá»‹t bÃ² Báº¯p,tha-t-ba-ba-p,Thá»‹t bÃ² Báº¯p,meat,protein,true,,,,,,
bo-de-suon,bo-de-suon,20042,Thá»‹t bÃ² Dáº» sÆ°á»n,Thá»‹t bÃ² Dáº» sÆ°á»n,Tha»‹t bA² Daº» sÆ°a»n,Thá»‹t bÃ² Dáº» sÆ°á»n,tha-t-ba-da-s-a-n,Thá»‹t bÃ² Dáº» sÆ°á»n,meat,protein,true,,,,,,
thit-bo-gau,thit-bo-gau,20041,Thá»‹t bÃ² Gáº§u,Thá»‹t bÃ² Gáº§u,Tha»‹t bA² Gaº§u,Thá»‹t bÃ² Gáº§u,tha-t-ba-ga-u,Thá»‹t bÃ² Gáº§u,meat,protein,true,,,,,,
thit-bo-gan,thit-bo-gan,,Thá»‹t bÃ² Gã¢n,Thá»‹t bÃ² Gã¢n,Tha»‹t bA² Ga¢n,Thá»‹t bÃ² Gã¢n,tha-t-ba-ga-n,Thá»‹t bÃ² Gã¢n,meat,protein,true,,,,,,
thit-bo-kho,thit-bo-kho,20007,Thá»‹t bÃ² Kho,Thá»‹t bÃ² Kho,Tha»‹t bA² Kho,Thá»‹t bÃ² Kho,tha-t-ba-kho,Thá»‹t bÃ² Kho,meat,protein,true,,,,,,
thit-bo-luc-lac,thit-bo-luc-lac,20010,Thá»‹t bÃ² Lãºc Láº¯c,Thá»‹t bÃ² Lãºc Láº¯c,Tha»‹t bA² Laºc Laº¯c,Thá»‹t bÃ² Lãºc Láº¯c,tha-t-ba-la-c-la-c,Thá»‹t bÃ² Lãºc Láº¯c,meat,protein,true,,,,,,
thit-bo-loi-vai,thit-bo-loi-vai,20065,Thá»‹t bÃ² lÃµi Vai,Thá»‹t bÃ² lÃµi Vai,Tha»‹t bA² lAµi Vai,Thá»‹t bÃ² lÃµi Vai,tha-t-ba-la-i-vai,Thá»‹t bÃ² lÃµi Vai,meat,protein,true,,,,,,
thit-bo-nac,thit-bo-nac,,Thá»‹t bÃ² Náº¡c,Thá»‹t bÃ² Náº¡c,Tha»‹t bA² Naº¡c,Thá»‹t bÃ² Náº¡c,tha-t-ba-na-c,Thá»‹t bÃ² Náº¡c,meat,protein,true,,,,,,
thit-bo-nam,thit-bo-nam,20017,Thá»‹t bÃ² Náº¡m,Thá»‹t bÃ² Náº¡m,Tha»‹t bA² Naº¡m,Thá»‹t bÃ² Náº¡m,tha-t-ba-na-m,Thá»‹t bÃ² Náº¡m,meat,protein,true,,,,,,
thit-bo-than,thit-bo-than,20016,Thá»‹t bÃ² Thäƒn,Thá»‹t bÃ² Thäƒn,Tha»‹t bA² Thaƒn,Thá»‹t bÃ² Thäƒn,tha-t-ba-tha-n,Thá»‹t bÃ² Thäƒn,meat,protein,true,,,,,,
thit-bo-xay,thit-bo-xay,20018,Thá»‹t bÃ² Xay,Thá»‹t bÃ² Xay,Tha»‹t bA² Xay,Thá»‹t bÃ² Xay,tha-t-ba-xay,Thá»‹t bÃ² Xay,meat,protein,true,,,,,,
bo-xao-rau-cai,bo-xao-rau-cai,11030,Thá»‹t bÃ² Xã O Rau Cáº£i,Thá»‹t bÃ² Xã O Rau Cáº£i,Tha»‹t bA² Xa O Rau Caº£i,Thá»‹t bÃ² Xã O Rau,tha-t-ba-xa-o-rau-ca-i,Thá»‹t bÃ² Xã O Rau Cáº£i,soups,mixed,true,,,,,,
thit-cu-gay,thit-cu-gay,20060,Thá»‹t Chim Cu Gã¡y,Thá»‹t Chim Cu Gã¡y,Tha»‹t Chim Cu Ga¡y,Thá»‹t Chim Cu Gã¡y,tha-t-chim-cu-ga-y,Thá»‹t Chim Cu Gã¡y,meat,protein,true,,,,,,
thit-chim-cut,thit-chim-cut,20029,Thá»‹t Chim Cãºt,Thá»‹t Chim Cãºt,Tha»‹t Chim Caºt,Thá»‹t Chim Cãºt,tha-t-chim-ca-t,Thá»‹t Chim Cãºt,meat,protein,true,,,,,,
thit-chim-se,thit-chim-se,20055,Thá»‹t Chim Sáº»,Thá»‹t Chim Sáº»,Tha»‹t Chim Saº»,Thá»‹t Chim Sáº»,tha-t-chim-sa,Thá»‹t Chim Sáº»,meat,protein,true,,,,,,
thit-chim-tri,thit-chim-tri,20059,Thá»‹t Chim Trä©,Thá»‹t Chim Trä©,Tha»‹t Chim Tra©,Thá»‹t Chim Trä©,tha-t-chim-tra,Thá»‹t Chim Trä©,meat,protein,true,,,,,,
thit-cho,thit-cho,20048,Thá»‹t chÃ³,Thá»‹t chÃ³,Tha»‹t chA³,Thá»‹t chÃ³,tha-t-cha,Thá»‹t chÃ³,meat,protein,true,,,,,,
thit-cay-huong,thit-cay-huong,20054,Thá»‹t Cáº§y hÆ°Æ¡ng,Thá»‹t Cáº§y hÆ°Æ¡ng,Tha»‹t Caº§y hÆ°Æ¡ng,Thá»‹t Cáº§y hÆ°Æ¡ng,tha-t-ca-y-h-ng,Thá»‹t Cáº§y hÆ°Æ¡ng,meat,protein,true,,,,,,
thit-cuu,thit-cuu,20024,Thá»‹t Cá»«u,Thá»‹t Cá»«u,Tha»‹t Ca»«u,Thá»‹t Cá»«u,tha-t-ca-u,Thá»‹t Cá»«u,meat,protein,true,,,,,,
thit-cuu-non,thit-cuu-non,20061,Thá»‹t Cá»«u Non,Thá»‹t Cá»«u Non,Tha»‹t Ca»«u Non,Thá»‹t Cá»«u Non,tha-t-ca-u-non,Thá»‹t Cá»«u Non,meat,protein,true,,,,,,
thit-ca-sau,thit-ca-sau,20051,Thá»‹t Cã¡ Sáº¥u,Thá»‹t Cã¡ Sáº¥u,Tha»‹t Ca¡ Saº¥u,Thá»‹t Cã¡ Sáº¥u,tha-t-ca-sa-u,Thá»‹t Cã¡ Sáº¥u,meat,protein,true,,,,,,
thit-de,thit-de,20023,Thá»‹t Dãª,Thá»‹t Dãª,Tha»‹t Daª,Thá»‹t Dãª,tha-t-da,Thá»‹t Dãª,meat,protein,true,,,,,,
thit-de-than,thit-de-than,20076,Thá»‹t Dãª Thäƒn,Thá»‹t Dãª Thäƒn,Tha»‹t Daª Thaƒn,Thá»‹t Dãª Thäƒn,tha-t-da-tha-n,Thá»‹t Dãª Thäƒn,meat,protein,true,,,,,,
thit-dui,thit-dui,20053,Thá»‹t Dãºi,Thá»‹t Dãºi,Tha»‹t Daºi,Thá»‹t Dãºi,tha-t-da-i,Thá»‹t Dãºi,meat,protein,true,,,,,,
thit-ga,thit-ga,20002,Thá»‹t Gã,Thá»‹t Gã,Tha»‹t Ga,Thá»‹t Gã,tha-t-ga,Thá»‹t Gã,meat,protein,true,,,,,,
thit-ga-cong-nghiep-co-da,thit-ga-cong-nghiep-co-da,20043,Thá»‹t Gã Cã´ng Nghiá»‡p (cÃ³ Da),Thá»‹t Gã Cã´ng Nghiá»‡p (cÃ³ Da),Tha»‹t Ga Ca´ng Nghia»‡p (cA³ Da),Thá»‹t Gã Cã´ng,tha-t-ga-ca-ng-nghia-p-ca-da,Thá»‹t Gã Cã´ng Nghiá»‡p (cÃ³ Da),meat,protein,true,,,,,,
thit-ga-cong-nghiep-bo-da,thit-ga-cong-nghiep-bo-da,20044,Thá»‹t Gã Cã´ng Nghiá»‡p Bá» Da,Thá»‹t Gã Cã´ng Nghiá»‡p Bá» Da,Tha»‹t Ga Ca´ng Nghia»‡p Ba» Da,Thá»‹t Gã Cã´ng,tha-t-ga-ca-ng-nghia-p-ba-da,Thá»‹t Gã Cã´ng Nghiá»‡p Bá» Da,meat,protein,true,,,,,,
ga-nuong,ga-nuong,20008,Thá»‹t Gã nÆ°á»›ng,Thá»‹t Gã nÆ°á»›ng,Tha»‹t Ga nÆ°a»›ng,Thá»‹t Gã nÆ°á»›ng,tha-t-ga-n-a-ng,Thá»‹t Gã nÆ°á»›ng,meat,protein,true,thit-ga-nuong:Thá»‹t Gã nÆ°á»›ng,,,,,
thit-ga-ta-co-da,thit-ga-ta-co-da,20019,Thá»‹t Gã Ta (cÃ³ Da),Thá»‹t Gã Ta (cÃ³ Da),Tha»‹t Ga Ta (cA³ Da),Thá»‹t Gã Ta (cÃ³ Da),tha-t-ga-ta-ca-da,Thá»‹t Gã Ta (cÃ³ Da),meat,protein,true,,,,,,
thit-ga-ta-bo-da,thit-ga-ta-bo-da,20020,Thá»‹t Gã Ta Bá» Da,Thá»‹t Gã Ta Bá» Da,Tha»‹t Ga Ta Ba» Da,Thá»‹t Gã Ta Bá» Da,tha-t-ga-ta-ba-da,Thá»‹t Gã Ta Bá» Da,meat,protein,true,,,,,,
thit-heo-ba-chi,thit-heo-ba-chi,20005,Thá»‹t Heo Ba Chá»‰,Thá»‹t Heo Ba Chá»‰,Tha»‹t Heo Ba Cha»‰,Thá»‹t Heo Ba Chá»‰,tha-t-heo-ba-cha,Thá»‹t Heo Ba Chá»‰,meat,protein,true,,,,,,
thit-heo-cot-let,thit-heo-cot-let,20036,Thá»‹t Heo Cá»‘t Láº¿t,Thá»‹t Heo Cá»‘t Láº¿t,Tha»‹t Heo Ca»‘t Laº¿t,Thá»‹t Heo Cá»‘t Láº¿t,tha-t-heo-ca-t-la-t,Thá»‹t Heo Cá»‘t Láº¿t,meat,protein,true,,,,,,
thit-heo-kho,thit-heo-kho,20009,Thá»‹t Heo Kho,Thá»‹t Heo Kho,Tha»‹t Heo Kho,Thá»‹t Heo Kho,tha-t-heo-kho,Thá»‹t Heo Kho,meat,protein,true,,,,,,
thit-heo-nac,thit-heo-nac,20001,Thá»‹t Heo Náº¡c,Thá»‹t Heo Náº¡c,Tha»‹t Heo Naº¡c,Thá»‹t Heo Náº¡c,tha-t-heo-na-c,Thá»‹t Heo Náº¡c,meat,protein,true,,,,,,
thit-heo-nac-dam,thit-heo-nac-dam,20037,Thá»‹t Heo Náº¡c Däƒm,Thá»‹t Heo Náº¡c Däƒm,Tha»‹t Heo Naº¡c Daƒm,Thá»‹t Heo Náº¡c Däƒm,tha-t-heo-na-c-da-m,Thá»‹t Heo Náº¡c Däƒm,meat,protein,true,,,,,,
thit-heo-nac-mong,thit-heo-nac-mong,20013,Thá»‹t Heo Náº¡c Mã´ng,Thá»‹t Heo Náº¡c Mã´ng,Tha»‹t Heo Naº¡c Ma´ng,Thá»‹t Heo Náº¡c Mã´ng,tha-t-heo-na-c-ma-ng,Thá»‹t Heo Náº¡c Mã´ng,meat,protein,true,,,,,,
thit-heo-nac-vai,thit-heo-nac-vai,20012,Thá»‹t Heo Náº¡c Vai,Thá»‹t Heo Náº¡c Vai,Tha»‹t Heo Naº¡c Vai,Thá»‹t Heo Náº¡c Vai,tha-t-heo-na-c-vai,Thá»‹t Heo Náº¡c Vai,meat,protein,true,,,,,,
heo-quay,heo-quay,,Thá»‹t Heo Quay,Thá»‹t Heo Quay,Tha»‹t Heo Quay,Thá»‹t Heo Quay,tha-t-heo-quay,Thá»‹t Heo Quay,meat,protein,true,,,,,,
thit-heo-rung,thit-heo-rung,20056,Thá»‹t Heo Rá»«ng,Thá»‹t Heo Rá»«ng,Tha»‹t Heo Ra»«ng,Thá»‹t Heo Rá»«ng,tha-t-heo-ra-ng,Thá»‹t Heo Rá»«ng,meat,protein,true,,,,,,
thit-heo-than-ngoai,thit-heo-than-ngoai,20039,Thá»‹t Heo Thäƒn Ngoáº¡i,Thá»‹t Heo Thäƒn Ngoáº¡i,Tha»‹t Heo Thaƒn Ngoaº¡i,Thá»‹t Heo Thäƒn Ngoáº¡i,tha-t-heo-tha-n-ngoa-i,Thá»‹t Heo Thäƒn Ngoáº¡i,meat,protein,true,,,,,,
thit-heo-than-noi,thit-heo-than-noi,20038,Thá»‹t Heo Thäƒn Ná»™i,Thá»‹t Heo Thäƒn Ná»™i,Tha»‹t Heo Thaƒn Na»™i,Thá»‹t Heo Thäƒn Ná»™i,tha-t-heo-tha-n-na-i,Thá»‹t Heo Thäƒn Ná»™i,meat,protein,true,,,,,,
thit-heo-xay,thit-heo-xay,20015,Thá»‹t Heo Xay,Thá»‹t Heo Xay,Tha»‹t Heo Xay,Thá»‹t Heo Xay,tha-t-heo-xay,Thá»‹t Heo Xay,meat,protein,true,,,,,,
heo-xao-hanh-can,heo-xao-hanh-can,11031,Thá»‹t Heo Xã O Hã Nh Cáº§n,Thá»‹t Heo Xã O Hã Nh Cáº§n,Tha»‹t Heo Xa O Ha Nh Caº§n,Thá»‹t Heo Xã O Hã Nh,tha-t-heo-xa-o-ha-nh-ca-n,Thá»‹t Heo Xã O Hã Nh Cáº§n,soups,mixed,true,,,,,,
thit-kho-trung-viet15,thit-kho-trung-viet15,,Thá»‹t Kho Trá»©ng,Thá»‹t Kho Trá»©ng,Tha»‹t Kho Tra»©ng,Thá»‹t Kho Trá»©ng,tha-t-kho-tra-ng,Thá»‹t Kho Trá»©ng,meat,protein,true,,,,,,
thit-kho-tau,thit-kho-tau,11027,Thá»‹t Kho Tã U,Thá»‹t Kho Tã U,Tha»‹t Kho Ta U,Thá»‹t Kho Tã U,tha-t-kho-ta-u,Thá»‹t Kho Tã U,meat,protein,true,,,,,,
thit-meo,thit-meo,20049,Thá»‹t Mã¨o,Thá»‹t Mã¨o,Tha»‹t Ma¨o,Thá»‹t Mã¨o,tha-t-ma-o,Thá»‹t Mã¨o,meat,protein,true,,,,,,
thit-nai,thit-nai,20057,Thá»‹t Nai (hÆ°Æ¡u),Thá»‹t Nai (hÆ°Æ¡u),Tha»‹t Nai (hÆ°Æ¡u),Thá»‹t Nai (hÆ°Æ¡u),tha-t-nai-h-u,Thá»‹t Nai (hÆ°Æ¡u),meat,protein,true,,,,,,
thit-ngan-co-da,thit-ngan-co-da,20045,Thá»‹t Ngan (cÃ³ Da),Thá»‹t Ngan (cÃ³ Da),Tha»‹t Ngan (cA³ Da),Thá»‹t Ngan (cÃ³ Da),tha-t-ngan-ca-da,Thá»‹t Ngan (cÃ³ Da),meat,protein,true,,,,,,
thit-ngan-bo-da,thit-ngan-bo-da,20046,Thá»‹t Ngan Bá» Da,Thá»‹t Ngan Bá» Da,Tha»‹t Ngan Ba» Da,Thá»‹t Ngan Bá» Da,tha-t-ngan-ba-da,Thá»‹t Ngan Bá» Da,meat,protein,true,,,,,,
thit-ngua,thit-ngua,20063,Thá»‹t Ngá»±a,Thá»‹t Ngá»±a,Tha»‹t Nga»±a,Thá»‹t Ngá»±a,tha-t-nga-a,Thá»‹t Ngá»±a,meat,protein,true,,,,,,
thit-nhim,thit-nhim,20052,Thá»‹t Nhã­m,Thá»‹t Nhã­m,Tha»‹t Nha­m,Thá»‹t Nhã­m,tha-t-nha-m,Thá»‹t Nhã­m,meat,protein,true,,,,,,
thit-nac-vai,thit-nac-vai,,Thá»‹t Náº¡c Vai,Thá»‹t Náº¡c Vai,Tha»‹t Naº¡c Vai,Thá»‹t Náº¡c Vai,tha-t-na-c-vai,Thá»‹t Náº¡c Vai,meat,protein,true,,,,,,
thit-rang-mam-ruoc,thit-rang-mam-ruoc,11023,Thá»‹t Rang Máº¯m Ruá»‘c,Thá»‹t Rang Máº¯m Ruá»‘c,Tha»‹t Rang Maº¯m Rua»‘c,Thá»‹t Rang Máº¯m Ruá»‘c,tha-t-rang-ma-m-rua-c,Thá»‹t Rang Máº¯m Ruá»‘c,soups,mixed,true,,,,,,
thit-ran,thit-ran,20050,Thá»‹t Ráº¯n,Thá»‹t Ráº¯n,Tha»‹t Raº¯n,Thá»‹t Ráº¯n,tha-t-ra-n,Thá»‹t Ráº¯n,meat,protein,true,,,,,,
thit-tho,thit-tho,20031,Thá»‹t Thá»,Thá»‹t Thá»,Tha»‹t Tha»,Thá»‹t Thá»,tha-t-tha,Thá»‹t Thá»,meat,protein,true,,,,,,
thit-trau,thit-trau,20047,Thá»‹t Trã¢u,Thá»‹t Trã¢u,Tha»‹t Tra¢u,Thá»‹t Trã¢u,tha-t-tra-u,Thá»‹t Trã¢u,meat,protein,true,,,,,,
thit-trau-nam,thit-trau-nam,20070,Thá»‹t Trã¢u Náº¡m,Thá»‹t Trã¢u Náº¡m,Tha»‹t Tra¢u Naº¡m,Thá»‹t Trã¢u Náº¡m,tha-t-tra-u-na-m,Thá»‹t Trã¢u Náº¡m,meat,protein,true,,,,,,
thit-trau-than,thit-trau-than,20068,Thá»‹t Trã¢u Thäƒn,Thá»‹t Trã¢u Thäƒn,Tha»‹t Tra¢u Thaƒn,Thá»‹t Trã¢u Thäƒn,tha-t-tra-u-tha-n,Thá»‹t Trã¢u Thäƒn,meat,protein,true,,,,,,
thit-be-vai,thit-be-vai,20087,Thá»‹t Vai Bãª,Thá»‹t Vai Bãª,Tha»‹t Vai Baª,Thá»‹t Vai Bãª,tha-t-vai-ba,Thá»‹t Vai Bãª,meat,protein,true,,,,,,
thit-bo-vai,thit-bo-vai,20064,Thá»‹t Vai bÃ²,Thá»‹t Vai bÃ²,Tha»‹t Vai bA²,Thá»‹t Vai bÃ²,tha-t-vai-ba,Thá»‹t Vai bÃ²,meat,protein,true,,,,,,
thit-de-vai,thit-de-vai,20078,Thá»‹t Vai Dãª,Thá»‹t Vai Dãª,Tha»‹t Vai Daª,Thá»‹t Vai Dãª,tha-t-vai-da,Thá»‹t Vai Dãª,meat,protein,true,,,,,,
thit-trau-vai,thit-trau-vai,20071,Thá»‹t Vai Trã¢u,Thá»‹t Vai Trã¢u,Tha»‹t Vai Tra¢u,Thá»‹t Vai Trã¢u,tha-t-vai-tra-u,Thá»‹t Vai Trã¢u,meat,protein,true,,,,,,
thit-vit,thit-vit,20004,Thá»‹t Vá»‹t,Thá»‹t Vá»‹t,Tha»‹t Va»‹t,Thá»‹t Vá»‹t,tha-t-va-t,Thá»‹t Vá»‹t,meat,protein,true,,,,,,
thit-vit-co-da,thit-vit-co-da,20021,Thá»‹t Vá»‹t (cÃ³ Da),Thá»‹t Vá»‹t (cÃ³ Da),Tha»‹t Va»‹t (cA³ Da),Thá»‹t Vá»‹t (cÃ³ Da),tha-t-va-t-ca-da,Thá»‹t Vá»‹t (cÃ³ Da),meat,protein,true,,,,,,
thit-vit-bo-da,thit-vit-bo-da,20022,Thá»‹t Vá»‹t Bá» Da,Thá»‹t Vá»‹t Bá» Da,Tha»‹t Va»‹t Ba» Da,Thá»‹t Vá»‹t Bá» Da,tha-t-va-t-ba-da,Thá»‹t Vá»‹t Bá» Da,meat,protein,true,,,,,,
thit-ech,thit-ech,20032,Thá»‹t Áº¿ch,Thá»‹t Áº¿ch,Tha»‹t Aº¿ch,Thá»‹t Áº¿ch,tha-t-a-ch,Thá»‹t Áº¿ch,meat,protein,true,,,,,,
thit-da-dieu,thit-da-dieu,20058,Thá»‹t Ä‘Ã Ä‘iá»ƒu,Thá»‹t Ä‘Ã Ä‘iá»ƒu,Tha»‹t A‘A A‘ia»ƒu,Thá»‹t Ä‘Ã Ä‘iá»ƒu,tha-t-a-a-a-ia-u,Thá»‹t Ä‘Ã Ä‘iá»ƒu,meat,protein,true,,,,,,
thi-la,thi-la,40054,Thã¬ Lã,Thã¬ Lã,Tha¬ La,Thã¬ Lã,tha-la,Thã¬ Lã,vegetables,vegetable,true,,,,,,
thit-be-than,thit-be-than,20084,Thäƒn Bãª,Thäƒn Bãª,Thaƒn Baª,Thäƒn Bãª,tha-n-ba,Thäƒn Bãª,meat,protein,true,,,,,,
than-ca-ngu,than-ca-ngu,30053,Thäƒn Cã¡ Ngá»«,Thäƒn Cã¡ Ngá»«,Thaƒn Ca¡ Nga»«,Thäƒn Cã¡ Ngá»«,tha-n-ca-nga,Thäƒn Cã¡ Ngá»«,seafood,protein,true,,,,,,
tim-ga,tim-ga,20106,Tim Gã,Tim Gã,Tim Ga,Tim Gã,tim-ga,Tim Gã,meat,protein,true,,,,,,
tim-lon,tim-lon,,Tim Lá»£n,Tim Lá»£n,Tim La»£n,Tim Lá»£n,tim-la-n,Tim Lá»£n,meat,protein,true,,,,,,
tim-vit,tim-vit,20118,Tim Vá»‹t,Tim Vá»‹t,Tim Va»‹t,Tim Vá»‹t,tim-va-t,Tim Vá»‹t,meat,protein,true,,,,,,
trung-chien-nuoc-mam,trung-chien-nuoc-mam,11013,Trá»©ng Chiãªn nÆ°á»›c Máº¯m,Trá»©ng Chiãªn nÆ°á»›c Máº¯m,Tra»©ng Chiaªn nÆ°a»›c Maº¯m,Trá»©ng Chiãªn nÆ°á»›c,tra-ng-chia-n-n-a-c-ma-m,Trá»©ng Chiãªn nÆ°á»›c Máº¯m,soups,mixed,true,,,,,,
trung-cut,trung-cut,80010,Trá»©ng Cãºt,Trá»©ng Cãºt,Tra»©ng Caºt,Trá»©ng Cãºt,tra-ng-ca-t,Trá»©ng Cãºt,dairy,protein,true,,,,,,
trung-cut-lon,trung-cut-lon,,Trá»©ng Cãºt Lá»™n,Trá»©ng Cãºt Lá»™n,Tra»©ng Caºt La»™n,Trá»©ng Cãºt Lá»™n,tra-ng-ca-t-la-n,Trá»©ng Cãºt Lá»™n,snacks,snack,true,,,,,,
trung-ga,trung-ga,80005,Trá»©ng Gã,Trá»©ng Gã,Tra»©ng Ga,Trá»©ng Gã,tra-ng-ga,Trá»©ng Gã,dairy,protein,true,,,,,,
trung-ngong,trung-ngong,80011,Trá»©ng Ngá»—ng,Trá»©ng Ngá»—ng,Tra»©ng Nga»—ng,Trá»©ng Ngá»—ng,tra-ng-nga-ng,Trá»©ng Ngá»—ng,dairy,protein,true,,,,,,
trung-vit,trung-vit,80009,Trá»©ng Vá»‹t,Trá»©ng Vá»‹t,Tra»©ng Va»‹t,Trá»©ng Vá»‹t,tra-ng-va-t,Trá»©ng Vá»‹t,dairy,protein,true,,,,,,
trung-vit-lon,trung-vit-lon,,Trá»©ng Vá»‹t Lá»™n,Trá»©ng Vá»‹t Lá»™n,Tra»©ng Va»‹t La»™n,Trá»©ng Vá»‹t Lá»™n,tra-ng-va-t-la-n,Trá»©ng Vá»‹t Lá»™n,snacks,snack,true,,,,,,
trung-xao-ca-chua,trung-xao-ca-chua,11032,Trá»©ng Xã O Cã Chua,Trá»©ng Xã O Cã Chua,Tra»©ng Xa O Ca Chua,Trá»©ng Xã O Cã Chua,tra-ng-xa-o-ca-chua,Trá»©ng Xã O Cã Chua,soups,mixed,true,,,,,,
tra-atiso,tra-atiso,90009,Trã Atiso,Trã Atiso,Tra Atiso,Trã Atiso,tra-atiso,Trã Atiso,beverages,beverage,true,,,,,,
tra-sua-tran-chau,tra-sua-tran-chau,90013,Trã Sá»¯a Trã¢n Chã¢u,Trã Sá»¯a Trã¢n Chã¢u,Tra Sa»¯a Tra¢n Cha¢u,Trã Sá»¯a Trã¢n Chã¢u,tra-sa-a-tra-n-cha-u,Trã Sá»¯a Trã¢n Chã¢u,beverages,beverage,true,,,,,,
tra-xanh,tra-xanh,90003,Trã Xanh,Trã Xanh,Tra Xanh,Trã Xanh,tra-xanh,Trã Xanh,beverages,beverage,true,,,,,,
tra-dao,tra-dao,90006,Trã Ä‘Ã O,Trã Ä‘Ã O,Tra A‘A O,Trã Ä‘Ã O,tra-a-a-o,Trã Ä‘Ã O,beverages,beverage,true,,,,,,
tra-da,tra-da,90010,Trã Ä‘Ã¡,Trã Ä‘Ã¡,Tra A‘A¡,Trã Ä‘Ã¡,tra-a-a,Trã Ä‘Ã¡,beverages,beverage,true,,,,,,
va,va,50044,Trã¡i Váº£,Trã¡i Váº£,Tra¡i Vaº£,Trã¡i Váº£,tra-i-va,Trã¡i Váº£,fruits,fruit,true,,,,,,
toi,toi,20096,Tá»i,Tá»i,Ta»i,Tá»i,ta-i,Tá»i,vegetables,vegetable,true,,,,,,
tao,tao,50003,Tã¡o,Tã¡o,Ta¡o,Tã¡o,ta-o,Tã¡o,fruits,fruit,true,,,,,,
tao-ta,tao-ta,50020,Tã¡o Ta,Tã¡o Ta,Ta¡o Ta,Tã¡o Ta,ta-o-ta,Tã¡o Ta,fruits,fruit,true,,,,,,
tia-to,tia-to,40053,Tã­a Tã´,Tã­a Tã´,Ta­a Ta´,Tã­a Tã´,ta-a-ta,Tã­a Tã´,vegetables,vegetable,true,,,,,,
tom,tom,30002,Tã´m,Tã´m,Ta´m,Tã´m,ta-m,Tã´m,seafood,protein,true,,,,,,
tom-cang-xanh,tom-cang-xanh,30042,Tã´m Cã Ng Xanh,Tã´m Cã Ng Xanh,Ta´m Ca Ng Xanh,Tã´m Cã Ng Xanh,ta-m-ca-ng-xanh,Tã´m Cã Ng Xanh,freshwater,protein,true,,,,,,
tom-hum,tom-hum,30060,Tã´m hÃ¹m,Tã´m hÃ¹m,Ta´m hA¹m,Tã´m hÃ¹m,ta-m-ha-m,Tã´m hÃ¹m,seafood,protein,true,,,,,,
tom-kho,tom-kho,30044,Tã´m Khã´,Tã´m Khã´,Ta´m Kha´,Tã´m Khã´,ta-m-kha,Tã´m Khã´,seafood,protein,true,,,,,,
tom-rim-man,tom-rim-man,11035,Tã´m Rim Máº·n,Tã´m Rim Máº·n,Ta´m Rim Maº·n,Tã´m Rim Máº·n,ta-m-rim-ma-n,Tã´m Rim Máº·n,soups,mixed,true,,,,,,
tom-su,tom-su,30028,Tã´m Sãº,Tã´m Sãº,Ta´m Saº,Tã´m Sãº,ta-m-sa,Tã´m Sãº,seafood,protein,true,,,,,,
tom-the,tom-the,30029,Tã´m Tháº»,Tã´m Tháº»,Ta´m Thaº»,Tã´m Tháº»,ta-m-tha,Tã´m Tháº»,seafood,protein,true,,,,,,
tom-dat,tom-dat,30043,Tã´m Ä‘áº¥t,Tã´m Ä‘áº¥t,Ta´m A‘aº¥t,Tã´m Ä‘áº¥t,ta-m-a-a-t,Tã´m Ä‘áº¥t,seafood,protein,true,,,,,,
tuong-ban,tuong-ban,70015,TÆ°Æ¡ng Báº§n,TÆ°Æ¡ng Báº§n,TÆ°Æ¡ng Baº§n,TÆ°Æ¡ng Báº§n,t-ng-ba-n,TÆ°Æ¡ng Báº§n,condiments,mixed,true,,,,,,
tuong-ca,tuong-ca,70014,TÆ°Æ¡ng Cã,TÆ°Æ¡ng Cã,TÆ°Æ¡ng Ca,TÆ°Æ¡ng Cã,t-ng-ca,TÆ°Æ¡ng Cã,condiments,mixed,true,,,,,,
tuong-ot,tuong-ot,70002,TÆ°Æ¡ng Á»›t,TÆ°Æ¡ng Á»›t,TÆ°Æ¡ng A»›t,TÆ°Æ¡ng Á»›t,t-ng-a-t,TÆ°Æ¡ng Á»›t,condiments,mixed,true,,,,,,
tuong-den,tuong-den,,TÆ°Æ¡ng Ä‘en,TÆ°Æ¡ng Ä‘en,TÆ°Æ¡ng A‘en,TÆ°Æ¡ng Ä‘en,t-ng-a-en,TÆ°Æ¡ng Ä‘en,condiments,mixed,true,,,,,,
viet-quat-vn,viet-quat-vn,50042,Viá»‡t Quáº¥t (VN),Viá»‡t Quáº¥t (VN),Via»‡t Quaº¥t (VN),Viá»‡t Quáº¥t (VN),via-t-qua-t-vn,Viá»‡t Quáº¥t (VN),fruits,fruit,true,,,,,,
ruou-vodka-40,ruou-vodka-40,90023,Vodka (40% ABV),Vodka (40% ABV),Vodka (40% ABV),Vodka (40% ABV),vodka-40-abv,Vodka (40% ABV),beverages,beverage,true,,,,,,
vai,vai,20012,Váº£i,Váº£i,Vaº£i,Váº£i,va-i,Váº£i,fruits,fruit,true,,,,,,
vit-quay,vit-quay,,Vá»‹t Quay,Vá»‹t Quay,Va»‹t Quay,Vá»‹t Quay,va-t-quay,Vá»‹t Quay,meat,protein,true,,,,,,
vay-ca-ngu,vay-ca-ngu,30058,Vã¢y Cã¡ Ngá»«,Vã¢y Cã¡ Ngá»«,Va¢y Ca¡ Nga»«,Vã¢y Cã¡ Ngá»«,va-y-ca-nga,Vã¢y Cã¡ Ngá»«,seafood,protein,true,,,,,,
vu-sua,vu-sua,50026,Vãº Sá»¯a,Vãº Sá»¯a,Vaº Sa»¯a,Vãº Sá»¯a,va-sa-a,Vãº Sá»¯a,fruits,fruit,true,,,,,,
ruou-whisky-40,ruou-whisky-40,90024,Whisky (40% ABV),Whisky (40% ABV),Whisky (40% ABV),Whisky (40% ABV),whisky-40-abv,Whisky (40% ABV),beverages,beverage,true,,,,,,
xoai,xoai,50005,Xoã I,Xoã I,Xoa I,Xoã I,xoa-i,Xoã I,fruits,fruit,true,,,,,,
xoai-chin,xoai-chin,50021,Xoã I Chã­n,Xoã I Chã­n,Xoa I Cha­n,Xoã I Chã­n,xoa-i-cha-n,Xoã I Chã­n,fruits,fruit,true,xoai-chin-fr18:Xoã I Chã­n,,,,,
xoai-xanh,xoai-xanh,,Xoã I Xanh,Xoã I Xanh,Xoa I Xanh,Xoã I Xanh,xoa-i-xanh,Xoã I Xanh,fruits,fruit,true,,,,,,
xa-lach-updated,xa-lach-updated,40041,XÃ Lã¡ch,XÃ Lã¡ch,XA La¡ch,XÃ Lã¡ch,xa-la-ch,XÃ Lã¡ch,vegetables,vegetable,true,,,,,,
xi-dau,xi-dau,70007,XÃ¬ Dáº§u (nÆ°á»›c tÆ°Æ¡ng),XÃ¬ Dáº§u (nÆ°á»›c tÆ°Æ¡ng),XA¬ Daº§u (nÆ°a»›c tÆ°Æ¡ng),XÃ¬ Dáº§u (nÆ°á»›c,xa-da-u-n-a-c-t-ng,XÃ¬ Dáº§u (nÆ°á»›c tÆ°Æ¡ng),condiments,mixed,true,,,,,,
xoi-ga,xoi-ga,10025,Xã´i Gã,Xã´i Gã,Xa´i Ga,Xã´i Gã,xa-i-ga,Xã´i Gã,rice-noodles,carb,true,,,,,,
xoi-man,xoi-man,10024,Xã´i Máº·n,Xã´i Máº·n,Xa´i Maº·n,Xã´i Máº·n,xa-i-ma-n,Xã´i Máº·n,rice-noodles,carb,true,,,,,,
xuc-xich-heo,xuc-xich-heo,20035,Xãºc Xã­ch Heo,Xãºc Xã­ch Heo,Xaºc Xa­ch Heo,Xãºc Xã­ch Heo,xa-c-xa-ch-heo,Xãºc Xã­ch Heo,meat,protein,true,,,,,,
yen-mach-chao,yen-mach-chao,,Yáº¿n Máº¡ch (Chã¡o),Yáº¿n Máº¡ch (Chã¡o),Yaº¿n Maº¡ch (Cha¡o),Yáº¿n Máº¡ch (Chã¡o),ya-n-ma-ch-cha-o,Yáº¿n Máº¡ch (Chã¡o),rice-noodles,carb,true,,,,,,
oc-buou,oc-buou,30040,Á»c bÆ°Æ¡u,Á»c bÆ°Æ¡u,A»c bÆ°Æ¡u,Á»c bÆ°Æ¡u,a-c-b-u,Á»c bÆ°Æ¡u,freshwater,protein,true,,,,,,
oc-huong,oc-huong,30041,Á»c hÆ°Æ¡ng,Á»c hÆ°Æ¡ng,A»c hÆ°Æ¡ng,Á»c hÆ°Æ¡ng,a-c-h-ng,Á»c hÆ°Æ¡ng,seafood,protein,true,,,,,,
uc-ga,uc-ga,20094,Á»¨c Gã,Á»¨c Gã,A»¨c Ga,Á»¨c Gã,a-c-ga,Á»¨c Gã,meat,protein,true,,,,,,
uc-vit,uc-vit,20109,Á»¨c Vá»‹t,Á»¨c Vá»‹t,A»¨c Va»‹t,Á»¨c Vá»‹t,a-c-va-t,Á»¨c Vá»‹t,meat,protein,true,,,,,,
ot-chuong,ot-chuong,,Á»št Chuã´ng,Á»št Chuã´ng,A»st Chua´ng,Á»št Chuã´ng,a-st-chua-ng,Á»št Chuã´ng,vegetables,vegetable,true,,,,,,
oi,oi,20096,Á»”i,Á»”i,A»”i,Á»”i,a-i,Á»”i,fruits,fruit,true,oi-fr38:Á»”i,,,,,
oc-be,oc-be,20093,Ã“c Bãª,Ã“c Bãª,A“c Baª,Ã“c Bãª,a-c-ba,Ã“c Bãª,meat,protein,true,,,,,,
du-du,du-du,50006,Äu Ä‘á»§,Äu Ä‘á»§,Au A‘a»§,Äu Ä‘á»§,a-u-a-a,Äu Ä‘á»§,fruits,fruit,true,,,,,,
du-du-updated,du-du-updated,50022,Äu Ä‘á»§ Chã­n,Äu Ä‘á»§ Chã­n,Au A‘a»§ Cha­n,Äu Ä‘á»§ Chã­n,a-u-a-a-cha-n,Äu Ä‘á»§ Chã­n,fruits,fruit,true,du-du-chin-fr25:Äu Ä‘á»§ Chã­n,,,,,
du-du-xanh,du-du-xanh,,Äu Ä‘á»§ Xanh,Äu Ä‘á»§ Xanh,Au A‘a»§ Xanh,Äu Ä‘á»§ Xanh,a-u-a-a-xanh,Äu Ä‘á»§ Xanh,vegetables,vegetable,true,,,,,,
duoi-be,duoi-be,20092,Äuã´i Bãª,Äuã´i Bãª,Aua´i Baª,Äuã´i Bãª,a-ua-i-ba,Äuã´i Bãª,meat,protein,true,,,,,,
duoi-bo,duoi-bo,20066,Äuã´i bÃ²,Äuã´i bÃ²,Aua´i bA²,Äuã´i bÃ²,a-ua-i-ba,Äuã´i bÃ²,meat,protein,true,,,,,,
duoi-ca-ngu,duoi-ca-ngu,30059,Äuã´i Cã¡ Ngá»«,Äuã´i Cã¡ Ngá»«,Aua´i Ca¡ Nga»«,Äuã´i Cã¡ Ngá»«,a-ua-i-ca-nga,Äuã´i Cã¡ Ngá»«,seafood,protein,true,,,,,,
duoi-de,duoi-de,20083,Äuã´i Dãª,Äuã´i Dãª,Aua´i Daª,Äuã´i Dãª,a-ua-i-da,Äuã´i Dãª,meat,protein,true,,,,,,
duoi-trau,duoi-trau,20073,Äuã´i Trã¢u,Äuã´i Trã¢u,Aua´i Tra¢u,Äuã´i Trã¢u,a-ua-i-tra-u,Äuã´i Trã¢u,meat,protein,true,,,,,,
dau-ga,dau-ga,20100,Äáº§u Gã,Äáº§u Gã,Aaº§u Ga,Äáº§u Gã,a-a-u-ga,Äáº§u Gã,meat,protein,true,,,,,,
dau-bap,dau-bap,40009,Äáº­u Báº¯p,Äáº­u Báº¯p,Aaº­u Baº¯p,Äáº­u Báº¯p,a-a-u-ba-p,Äáº­u Báº¯p,vegetables,vegetable,true,dau-bao:Äáº­u Báº¯p,,,,,
dau-bap-xanh,dau-bap-xanh,40028,Äáº­u Báº¯p Xanh,Äáº­u Báº¯p Xanh,Aaº­u Baº¯p Xanh,Äáº­u Báº¯p Xanh,a-a-u-ba-p-xanh,Äáº­u Báº¯p Xanh,vegetables,vegetable,true,,,,,,
dau-bap-do,dau-bap-do,,Äáº­u Báº¯p Ä‘á»,Äáº­u Báº¯p Ä‘á»,Aaº­u Baº¯p A‘a»,Äáº­u Báº¯p Ä‘á»,a-a-u-ba-p-a-a,Äáº­u Báº¯p Ä‘á»,vegetables,vegetable,true,,,,,,
dau-co-ve,dau-co-ve,60008,Äáº­u Cã´ Ve,Äáº­u Cã´ Ve,Aaº­u Ca´ Ve,Äáº­u Cã´ Ve,a-a-u-ca-ve,Äáº­u Cã´ Ve,legumes,protein,true,,,,,,
dau-ha-lan-kho,dau-ha-lan-kho,60016,Äáº­u HÃ Lan Khã´,Äáº­u HÃ Lan Khã´,Aaº­u HA Lan Kha´,Äáº­u HÃ Lan Khã´,a-a-u-ha-lan-kha,Äáº­u HÃ Lan Khã´,legumes,protein,true,,,,,,
dau-ha-lan,dau-ha-lan,40027,Äáº­u HÃ Lan tÆ°Æ¡i,Äáº­u HÃ Lan tÆ°Æ¡i,Aaº­u HA Lan tÆ°Æ¡i,Äáº­u HÃ Lan tÆ°Æ¡i,a-a-u-ha-lan-t-i,Äáº­u HÃ Lan tÆ°Æ¡i,vegetables,vegetable,true,dau-ha-lan-updated:Äáº­u HÃ Lan tÆ°Æ¡i,,,,,
dau-hu-chien,dau-hu-chien,11036,Äáº­u Hå© Chiãªn,Äáº­u Hå© Chiãªn,Aaº­u Ha© Chiaªn,Äáº­u Hå© Chiãªn,a-a-u-ha-chia-n,Äáº­u Hå© Chiãªn,soups,mixed,true,,,,,,
dau-hu-kho-nam,dau-hu-kho-nam,11050,Äáº­u Hå© Kho Náº¥m,Äáº­u Hå© Kho Náº¥m,Aaº­u Ha© Kho Naº¥m,Äáº­u Hå© Kho Náº¥m,a-a-u-ha-kho-na-m,Äáº­u Hå© Kho Náº¥m,soups,mixed,true,,,,,,
dau-hu-sot-ca,dau-hu-sot-ca,11014,Äáº­u Hå© Sá»‘t Cã,Äáº­u Hå© Sá»‘t Cã,Aaº­u Ha© Sa»‘t Ca,Äáº­u Hå© Sá»‘t Cã,a-a-u-ha-sa-t-ca,Äáº­u Hå© Sá»‘t Cã,soups,mixed,true,,,,,,
dau-lang-kho,dau-lang-kho,60014,Äáº­u Läƒng Khã´,Äáº­u Läƒng Khã´,Aaº­u Laƒng Kha´,Äáº­u Läƒng Khã´,a-a-u-la-ng-kha,Äáº­u Läƒng Khã´,legumes,protein,true,,,,,,
dau-nanh,dau-nanh,80003,Äáº­u Nã Nh,Äáº­u Nã Nh,Aaº­u Na Nh,Äáº­u Nã Nh,a-a-u-na-nh,Äáº­u Nã Nh,legumes,protein,true,,,,,,
dau-nanh-kho,dau-nanh-kho,60010,Äáº­u Nã Nh Khã´,Äáº­u Nã Nh Khã´,Aaº­u Na Nh Kha´,Äáº­u Nã Nh Khã´,a-a-u-na-nh-kha,Äáº­u Nã Nh Khã´,legumes,protein,true,,,,,,
dau-phu,dau-phu,60001,Äáº­u Phá»¥,Äáº­u Phá»¥,Aaº­u Pha»¥,Äáº­u Phá»¥,a-a-u-pha,Äáº­u Phá»¥,legumes,protein,true,,,,,,
dau-phung,dau-phung,,Äáº­u Phá»¥ng,Äáº­u Phá»¥ng,Aaº­u Pha»¥ng,Äáº­u Phá»¥ng,a-a-u-pha-ng,Äáº­u Phá»¥ng,legumes,protein,true,,,,,,
dau-phong-kho,dau-phong-kho,60015,Äáº­u Phá»™ng (Láº¡c) Khã´,Äáº­u Phá»™ng (Láº¡c) Khã´,Aaº­u Pha»™ng (Laº¡c) Kha´,Äáº­u Phá»™ng (Láº¡c),a-a-u-pha-ng-la-c-kha,Äáº­u Phá»™ng (Láº¡c) Khã´,legumes,protein,true,,,,,,
dau-que,dau-que,40026,Äáº­u Que,Äáº­u Que,Aaº­u Que,Äáº­u Que,a-a-u-que,Äáº­u Que,vegetables,vegetable,true,,,,,,
dau-rong,dau-rong,,Äáº­u Rá»“ng (Quáº£),Äáº­u Rá»“ng (Quáº£),Aaº­u Ra»“ng (Quaº£),Äáº­u Rá»“ng (Quáº£),a-a-u-ra-ng-qua,Äáº­u Rá»“ng (Quáº£),vegetables,vegetable,true,,,,,,
dau-trang,dau-trang,60007,Äáº­u Tráº¯ng,Äáº­u Tráº¯ng,Aaº­u Traº¯ng,Äáº­u Tráº¯ng,a-a-u-tra-ng,Äáº­u Tráº¯ng,legumes,protein,true,,,,,,
dau-xanh,dau-xanh,60002,Äáº­u Xanh,Äáº­u Xanh,Aaº­u Xanh,Äáº­u Xanh,a-a-u-xanh,Äáº­u Xanh,legumes,protein,true,,,,,,
dau-xanh-kho,dau-xanh-kho,60011,Äáº­u Xanh Khã´,Äáº­u Xanh Khã´,Aaº­u Xanh Kha´,Äáº­u Xanh Khã´,a-a-u-xanh-kha,Äáº­u Xanh Khã´,legumes,protein,true,,,,,,
dau-den,dau-den,60006,Äáº­u Ä‘en,Äáº­u Ä‘en,Aaº­u A‘en,Äáº­u Ä‘en,a-a-u-a-en,Äáº­u Ä‘en,legumes,protein,true,,,,,,
dau-den-kho,dau-den-kho,60012,Äáº­u Ä‘en Khã´,Äáº­u Ä‘en Khã´,Aaº­u A‘en Kha´,Äáº­u Ä‘en Khã´,a-a-u-a-en-kha,Äáº­u Ä‘en Khã´,legumes,protein,true,,,,,,
dau-do,dau-do,60004,Äáº­u Ä‘á»,Äáº­u Ä‘á»,Aaº­u A‘a»,Äáº­u Ä‘á»,a-a-u-a-a,Äáº­u Ä‘á»,legumes,protein,true,,,,,,
dau-do-kho,dau-do-kho,60013,Äáº­u Ä‘á» Khã´,Äáº­u Ä‘á» Khã´,Aaº­u A‘a» Kha´,Äáº­u Ä‘á» Khã´,a-a-u-a-a-kha,Äáº­u Ä‘á» Khã´,legumes,protein,true,,,,,,
thit-de-dui,thit-de-dui,20077,ÄÃ¹i Dãª,ÄÃ¹i Dãª,AA¹i Daª,ÄÃ¹i Dãª,a-a-i-da,ÄÃ¹i Dãª,meat,protein,true,,,,,,
dui-ga,dui-ga,20095,ÄÃ¹i Gã,ÄÃ¹i Gã,AA¹i Ga,ÄÃ¹i Gã,a-a-i-ga,ÄÃ¹i Gã,meat,protein,true,,,,,,
dui-goc-tu-ga,dui-goc-tu-ga,20097,ÄÃ¹i gÃ³c Tæ° Gã,ÄÃ¹i gÃ³c Tæ° Gã,AA¹i gA³c Tæ° Ga,ÄÃ¹i gÃ³c Tæ° Gã,a-a-i-ga-c-t-ga,ÄÃ¹i gÃ³c Tæ° Gã,meat,protein,true,,,,,,
dui-toi-ga,dui-toi-ga,20096,ÄÃ¹i Tá»i Gã,ÄÃ¹i Tá»i Gã,AA¹i Ta»i Ga,ÄÃ¹i Tá»i Gã,a-a-i-ta-i-ga,ÄÃ¹i Tá»i Gã,meat,protein,true,,,,,,
dui-toi-vit,dui-toi-vit,20111,ÄÃ¹i Tá»i Vá»‹t,ÄÃ¹i Tá»i Vá»‹t,AA¹i Ta»i Va»‹t,ÄÃ¹i Tá»i Vá»‹t,a-a-i-ta-i-va-t,ÄÃ¹i Tá»i Vá»‹t,meat,protein,true,,,,,,
dui-vit,dui-vit,20110,ÄÃ¹i Vá»‹t,ÄÃ¹i Vá»‹t,AA¹i Va»‹t,ÄÃ¹i Vá»‹t,a-a-i-va-t,ÄÃ¹i Vá»‹t,meat,protein,true,,,,,,
duong-cat-trang,duong-cat-trang,70004,ÄÆ°á»ng Cã¡t Tráº¯ng,ÄÆ°á»ng Cã¡t Tráº¯ng,AÆ°a»ng Ca¡t Traº¯ng,ÄÆ°á»ng Cã¡t Tráº¯ng,a-a-ng-ca-t-tra-ng,ÄÆ°á»ng Cã¡t Tráº¯ng,condiments,mixed,true,,,,,,
